Ciudad de Mexico,Acapulco,Campeche,Cancun,Chichen Itza,Chihuahua,Cozumel,Cuernavaca,Guadalajara,Hermosillo,Isla Mujeres,Ixtapa Zihuatanejo,La Paz,Los Cabos,Merida,Monterrey,Morelia,Nuevo Vallarta,Oaxaca de Juarez,Playa del Carmen,Puebla,Puerto Vallarta,Queretaro,San Luis Potosi,San Miguel de Allende,Taxco,Tequila,Tlaxcala,Tuxtla Gutierrez,Villahermosa,Zacatecas
6,0,0,1,0,0,0,0,0,0,0,0,0,0,0,0,0,0,0,0,0,0,0,0,0,0,0,0,0,1,0
6,0,0,1,0,0,0,0,0,0,0,0,0,0,0,0,0,0,0,1,1,1,1,0,0,0,0,0,0,0,0
7,0,0,1,0,0,0,0,0,0,0,0,0,0,2,0,1,0,0,0,0,0,0,0,0,0,0,0,0,1,0
7,0,0,1,0,0,0,0,0,0,0,0,0,0,0,0,1,0,0,0,3,0,0,0,0,0,0,0,0,1,0
6,0,0,0,0,0,0,0,0,0,0,0,0,0,0,1,0,0,0,1,0,0,0,0,0,0,0,0,0,3,0
16,0,0,4,0,0,0,0,0,0,0,0,0,0,1,0,1,0,0,0,2,0,0,0,0,0,0,0,0,1,0
11,0,0,0,0,1,0,0,0,0,0,0,1,0,0,1,0,0,0,1,9,0,0,0,0,0,0,0,0,0,0
6,0,0,0,0,1,0,0,0,0,0,0,1,1,0,0,0,1,0,1,1,1,0,0,0,0,0,0,0,0,0
17,1,0,3,0,0,0,0,0,1,0,0,0,0,0,0,0,0,0,3,1,0,0,0,0,0,0,0,0,1,0
27,0,0,1,0,0,0,0,1,0,0,0,0,0,0,0,0,0,0,1,3,0,0,0,0,0,0,0,0,1,0
24,0,0,2,0,0,0,0,0,0,0,0,0,1,0,0,0,0,0,0,3,0,1,0,0,0,1,0,0,0,0
13,0,0,5,0,2,0,0,0,0,0,0,0,1,0,0,0,0,0,0,2,0,0,0,0,0,0,0,0,2,0
18,0,0,5,0,1,0,1,0,0,0,0,0,0,1,1,1,0,0,1,3,0,0,0,0,0,0,0,0,1,0
26,1,0,2,0,0,0,0,0,0,0,0,0,0,0,0,0,0,0,1,4,0,1,0,0,0,0,0,0,3,0
27,1,0,0,0,0,0,0,0,0,0,0,1,0,3,0,0,0,0,0,1,0,1,0,0,2,0,0,0,3,0
28,0,0,3,0,0,0,0,1,0,0,0,1,0,1,0,0,0,1,1,2,0,0,0,0,0,0,0,0,0,0
25,0,0,3,0,0,0,2,0,1,0,0,0,1,0,0,0,0,0,0,3,0,0,1,0,0,0,0,0,7,0
31,1,0,3,0,0,1,0,0,0,0,0,1,1,0,0,0,0,0,1,3,0,0,0,0,1,0,0,0,6,0
43,1,1,5,0,0,0,2,0,0,0,0,0,0,1,0,0,0,0,3,5,0,0,0,0,0,0,0,0,5,0
44,0,0,8,0,2,1,3,0,0,0,0,3,0,2,0,0,0,0,1,6,0,0,0,0,1,0,0,0,3,0
54,1,0,8,0,3,0,3,0,0,0,0,0,1,1,0,0,0,0,0,2,0,1,0,0,0,0,0,0,4,0
43,1,1,4,0,1,1,1,0,0,0,0,2,0,1,1,0,0,0,1,2,2,0,0,0,1,0,0,0,6,0
62,0,0,7,0,0,0,3,0,0,0,0,1,0,2,1,0,0,3,1,2,1,0,0,0,0,0,0,1,8,0
67,0,2,13,0,2,2,1,2,0,0,0,3,0,0,1,0,0,0,1,8,0,0,0,0,0,0,0,0,5,0
84,1,2,9,0,1,0,5,0,1,0,0,4,1,1,0,0,0,0,1,2,0,1,0,0,0,0,0,0,5,0
85,1,0,7,0,3,0,3,0,0,1,0,2,1,2,0,1,0,0,4,2,0,0,1,0,0,0,1,0,5,0
74,3,0,13,0,3,0,3,1,1,0,0,3,0,0,0,0,0,0,1,1,0,0,0,0,0,0,0,0,4,0
73,1,0,9,0,0,1,1,0,1,0,0,2,0,0,2,0,0,0,0,6,1,0,0,0,0,0,0,0,7,0
117,1,0,10,0,3,0,7,0,0,0,0,4,0,2,0,0,0,0,2,9,0,0,1,0,0,0,0,0,9,0
110,2,0,9,0,1,0,0,2,0,0,0,3,0,0,1,1,0,0,2,2,0,1,0,0,0,0,0,1,5,0
117,0,1,13,0,3,0,9,0,0,0,0,6,0,2,0,0,0,0,1,4,0,1,0,0,1,0,0,1,7,0
83,3,0,4,0,2,0,3,3,0,0,0,1,0,2,1,0,0,0,0,0,0,1,0,0,1,0,2,1,10,1
108,1,0,7,0,1,0,3,0,0,0,0,3,0,2,1,0,1,0,1,6,1,2,0,0,0,0,0,0,9,0
111,1,0,2,0,4,0,7,1,1,0,0,3,0,2,1,0,0,1,2,6,1,2,0,0,0,0,0,0,6,0
120,1,0,6,0,1,0,5,1,0,1,0,5,0,2,1,0,0,0,1,5,1,1,0,0,1,0,0,0,4,0
125,3,0,5,0,2,0,3,3,0,0,0,3,0,2,1,0,0,0,5,1,0,2,0,0,3,0,0,0,9,0
110,2,0,6,0,3,0,7,1,1,0,0,2,0,1,0,1,1,0,1,7,0,0,0,0,2,0,0,0,4,0
121,2,0,4,0,4,0,5,0,0,0,0,4,0,0,0,0,0,2,1,5,0,0,0,0,0,0,0,0,14,0
109,1,0,6,0,2,0,11,1,0,0,0,1,0,1,0,0,0,0,1,2,0,0,1,0,3,0,0,0,9,0
133,2,0,7,0,0,0,4,2,0,0,0,4,0,3,0,1,0,0,1,1,0,2,0,0,1,0,0,3,8,0
125,2,1,6,0,0,0,4,1,1,0,0,3,0,3,0,0,0,1,0,10,1,1,1,0,2,0,0,0,10,0
143,2,0,11,0,3,0,7,4,0,0,0,6,0,3,0,0,0,1,3,9,0,3,0,0,1,0,0,2,5,0
128,5,1,4,0,1,0,6,1,1,0,0,4,0,3,1,1,0,1,2,8,1,1,0,0,0,0,1,1,9,0
152,7,0,9,0,2,0,3,1,1,0,0,1,1,4,0,1,1,0,2,8,1,0,1,0,0,0,0,0,6,0
145,10,0,9,0,2,0,2,3,0,0,0,4,0,0,2,0,0,2,0,9,0,3,1,0,0,0,0,0,11,1
149,4,0,5,0,2,0,2,5,1,0,0,5,0,2,1,0,0,0,1,11,0,5,1,0,0,0,2,0,13,0
160,8,0,5,0,1,0,4,3,0,0,0,6,0,1,1,1,0,3,1,8,3,4,1,0,1,0,1,0,8,0
162,14,1,5,0,1,0,4,2,0,1,0,2,1,2,1,0,0,0,2,5,0,1,0,0,1,0,1,1,10,0
140,6,0,6,0,1,0,4,0,1,0,0,1,0,2,0,2,0,3,1,14,0,2,0,0,0,0,0,3,12,1
125,18,1,4,0,0,0,3,1,1,0,0,4,0,9,4,1,0,1,1,12,1,2,1,0,0,0,0,2,9,0
171,8,0,3,0,2,1,5,2,0,0,0,2,0,2,0,1,0,1,1,12,0,6,0,0,1,0,1,1,7,0
131,8,0,3,1,2,1,7,1,1,0,0,3,0,3,0,0,0,1,1,21,0,2,0,0,0,0,1,1,16,0
136,17,0,3,0,0,0,2,3,4,0,0,2,0,5,0,0,0,3,1,16,0,4,0,0,1,0,0,0,8,0
144,22,0,10,0,1,1,3,2,5,0,0,6,0,2,0,0,0,4,1,11,0,1,1,0,1,0,4,2,11,0
142,22,1,6,0,1,0,1,3,5,0,0,6,0,7,3,2,0,5,0,11,2,1,3,0,0,0,1,2,8,0
137,15,0,6,1,2,0,1,0,5,0,0,2,1,6,3,0,0,1,0,12,1,2,2,0,0,0,1,0,7,0
124,20,0,6,0,1,0,1,3,2,0,0,2,1,3,0,0,0,2,1,11,1,3,1,0,1,0,0,7,6,0
137,17,0,5,0,1,1,1,2,3,0,0,2,0,4,2,1,0,3,0,18,0,0,1,0,1,0,2,5,12,0
121,16,0,6,1,1,0,0,2,4,0,0,6,0,4,0,1,0,4,2,15,1,6,1,1,0,0,0,4,10,1
120,11,0,4,0,0,0,0,6,3,0,0,3,0,3,1,0,1,4,2,13,3,1,1,0,1,0,0,6,10,0
138,19,0,5,0,1,1,1,4,3,0,0,9,0,6,2,1,1,5,1,17,2,5,1,0,0,0,2,4,6,0
130,17,0,11,0,2,1,3,7,8,0,0,5,1,8,0,0,0,6,0,22,1,4,2,0,0,0,4,7,12,0
123,20,0,5,0,1,0,0,7,5,0,0,3,0,4,1,0,1,4,0,24,1,3,0,1,0,0,0,8,9,0
127,7,0,4,0,2,0,1,8,6,0,1,4,0,3,1,1,0,3,0,14,2,2,2,0,1,0,1,7,8,0
123,10,1,4,0,5,1,1,11,7,0,0,2,1,4,1,0,1,2,0,17,0,5,4,0,0,0,2,6,9,1
113,17,1,5,0,0,0,3,8,11,0,1,3,1,0,0,2,0,2,2,13,1,3,2,0,0,0,0,8,6,1
124,5,0,7,0,2,1,3,9,3,0,0,1,0,3,3,0,2,7,0,27,2,6,0,0,2,0,0,5,5,0
114,14,1,10,0,0,0,1,14,6,0,1,1,0,3,1,1,0,2,0,17,1,6,2,0,3,0,0,9,6,0
133,18,2,3,0,3,0,3,8,3,0,0,4,0,2,0,0,0,5,1,20,1,2,3,1,0,0,2,9,8,0
110,9,1,4,0,2,1,5,13,10,0,0,1,0,3,2,0,2,8,0,25,1,3,1,0,1,0,0,11,4,0
119,19,1,6,0,2,0,2,8,8,0,1,1,0,6,3,0,2,5,1,26,0,1,1,0,0,0,2,3,8,0
121,14,1,5,0,4,0,1,12,12,0,0,3,2,5,1,1,1,4,1,15,3,4,4,0,0,0,5,4,6,0
128,10,2,6,0,2,0,5,12,12,0,0,4,2,3,1,0,1,7,0,27,2,4,1,0,1,0,1,7,8,1
128,18,2,2,0,0,1,0,4,11,0,1,2,1,3,3,0,0,6,0,30,2,8,1,0,2,0,1,6,6,0
114,16,0,6,0,2,1,1,14,11,0,1,3,2,5,0,1,1,4,0,27,1,3,0,0,0,0,0,4,7,1
85,8,1,5,0,1,0,0,10,17,0,2,1,1,5,3,2,0,3,1,22,0,4,0,0,0,0,1,3,6,1
124,12,2,2,0,1,1,1,8,14,0,0,1,1,2,5,4,0,3,0,25,1,4,3,0,0,0,1,10,11,0
113,12,4,5,0,2,0,2,8,11,0,1,3,0,4,4,3,0,3,1,33,5,4,1,0,1,0,0,4,2,1
100,12,2,4,0,1,1,1,8,17,0,0,2,0,6,1,1,1,3,1,27,2,6,1,0,2,0,1,7,9,0
98,18,2,4,0,2,1,0,12,11,0,2,4,0,1,2,0,2,1,0,14,1,3,1,1,0,0,0,5,5,0
74,7,4,4,0,1,0,0,14,23,0,0,3,0,2,2,2,2,1,1,24,3,5,0,0,0,0,0,9,5,1
98,7,1,6,0,1,2,2,19,10,0,2,2,0,6,3,1,2,5,0,32,1,2,4,0,0,0,0,6,8,0
75,16,4,7,0,1,0,1,12,15,0,0,0,1,3,6,1,2,3,1,35,1,4,2,0,0,0,0,4,7,0
73,10,6,4,0,0,0,1,10,25,0,0,4,0,4,5,2,0,4,0,23,3,4,3,0,1,0,2,5,9,0
60,5,5,3,0,2,1,2,9,22,0,1,2,0,11,4,2,0,1,4,17,3,2,6,1,0,0,1,9,5,0
64,5,2,7,0,2,0,0,16,20,0,1,1,0,6,2,0,0,3,2,18,1,3,3,1,0,0,0,5,7,0
73,9,5,6,0,2,0,2,7,17,0,2,2,0,6,7,1,0,1,1,18,3,4,2,1,1,0,1,6,7,0
89,11,8,4,0,0,0,1,14,19,0,1,3,1,2,5,4,1,3,1,19,0,5,1,0,0,0,3,9,10,0
68,12,4,8,0,1,0,0,11,24,0,2,4,0,3,4,4,0,2,0,21,2,2,4,0,0,0,1,10,7,1
58,4,7,9,0,1,0,3,13,12,0,8,1,0,7,3,2,1,0,0,21,2,4,1,0,1,0,2,7,8,1
72,12,4,8,0,0,0,1,11,13,0,0,1,1,15,7,1,2,3,0,22,2,4,5,0,0,0,3,7,11,1
82,7,4,7,0,0,1,1,15,22,0,1,3,0,9,6,4,2,2,3,22,2,3,2,0,0,0,4,2,4,0
63,7,9,6,0,0,0,1,3,15,0,0,1,2,10,10,3,0,0,1,21,4,6,3,0,0,0,2,4,13,2
67,7,7,8,0,1,0,3,13,18,0,2,3,1,9,5,3,1,3,2,38,2,3,2,0,0,0,0,7,12,1
77,10,2,4,0,1,0,1,18,15,0,3,1,1,6,9,1,0,4,0,30,1,5,1,0,0,0,0,2,7,0
66,3,2,11,0,2,1,0,15,16,0,2,2,0,6,13,2,0,6,3,26,4,3,0,0,0,0,1,9,10,0
80,5,4,6,0,4,1,0,11,20,0,1,0,0,15,12,1,1,1,0,27,3,4,4,1,0,0,0,1,21,1
79,12,8,6,0,4,0,0,13,23,0,1,3,0,7,8,2,2,2,5,26,4,7,4,0,1,0,1,4,17,1
51,5,7,8,0,1,1,2,14,27,0,0,1,0,10,14,1,1,2,1,27,1,7,2,0,0,0,3,4,14,1
66,5,13,14,0,2,1,1,14,23,1,1,2,0,6,13,0,1,3,3,19,3,3,5,0,0,0,0,5,11,1
48,5,10,14,0,4,1,1,9,25,0,1,2,0,11,7,2,1,2,2,23,1,2,4,1,1,1,1,7,16,0
61,3,6,8,0,3,2,1,13,21,0,5,1,0,12,7,3,1,1,1,12,0,0,1,0,2,0,1,8,13,1
71,4,8,10,0,2,0,0,9,22,0,0,1,1,10,8,2,0,5,4,23,2,5,5,1,0,0,2,5,15,0
57,10,7,8,0,4,1,2,12,22,0,1,1,2,11,16,5,1,4,1,28,4,7,4,0,0,0,0,2,11,0
73,11,5,18,0,1,2,0,8,18,0,2,3,2,9,11,3,3,0,0,23,2,2,6,0,2,0,4,8,13,0
73,5,5,11,0,0,1,0,9,20,0,4,1,4,19,16,2,0,4,1,16,4,3,7,0,0,0,3,5,11,1
58,5,8,4,0,3,2,0,9,23,0,0,0,2,15,8,4,0,0,2,27,0,7,7,0,0,0,5,5,12,1
56,8,6,11,0,1,3,0,11,8,0,1,0,1,14,11,5,1,1,1,21,1,5,5,0,0,0,1,6,17,0
65,5,3,7,0,0,3,0,17,14,0,1,0,1,14,14,0,0,0,2,25,4,3,6,2,0,0,1,2,16,1
59,5,9,11,0,3,2,2,10,14,0,1,4,0,9,13,1,1,2,1,31,4,5,7,0,0,0,1,1,18,1
55,9,5,17,1,8,2,1,12,21,0,0,2,0,18,13,2,1,1,2,23,3,4,5,0,0,0,5,6,13,0
56,5,8,13,0,1,0,1,6,23,1,1,0,4,21,17,0,3,4,1,20,5,3,15,0,0,0,0,2,15,1
43,4,4,5,0,3,1,0,7,13,1,2,2,2,24,18,2,0,1,1,29,2,8,9,0,1,0,3,2,13,0
54,7,7,10,0,1,0,1,10,24,1,3,1,3,15,14,1,0,0,3,24,4,4,14,2,0,0,1,2,8,1
46,5,5,10,0,2,0,3,8,13,0,2,1,4,12,16,4,0,1,3,26,7,1,5,0,0,0,3,1,5,2
61,8,4,11,0,0,0,0,14,9,1,2,0,3,14,13,3,0,2,0,30,4,5,14,0,0,0,1,1,16,3
53,8,6,9,0,4,1,1,12,13,0,0,0,5,10,13,4,2,0,0,33,4,6,11,0,1,0,4,3,8,1
53,4,5,10,0,2,2,0,12,15,0,0,1,2,15,16,5,2,2,1,24,2,4,11,0,0,0,1,4,18,1
49,4,4,13,0,2,1,0,13,15,0,0,2,2,26,13,3,3,2,0,26,6,4,16,0,1,0,2,1,8,1
35,2,6,8,0,3,0,0,8,10,0,1,2,4,13,18,3,1,1,3,30,2,3,8,0,1,0,2,3,8,3
60,5,2,9,1,2,1,0,14,11,0,2,2,6,7,11,1,0,2,3,34,1,4,11,1,1,0,1,3,16,0
48,5,5,15,0,2,0,3,7,8,0,1,1,0,13,13,2,2,1,0,18,0,5,15,1,0,0,3,4,10,0
47,4,5,4,0,1,0,1,12,8,0,0,2,4,19,14,9,0,2,1,20,1,6,3,0,0,0,0,2,11,5
55,7,4,11,0,3,2,1,8,6,0,3,2,1,15,19,5,4,3,2,22,1,10,13,1,0,0,2,2,12,2
56,6,8,12,1,3,1,1,5,6,1,2,2,2,16,10,2,1,4,2,24,2,2,14,2,0,0,1,3,12,3
55,9,3,9,1,4,3,1,10,9,0,0,0,1,22,17,1,0,0,4,21,6,2,14,0,2,0,6,2,5,1
61,4,4,9,1,2,0,2,15,8,0,2,3,4,16,18,2,1,4,0,17,3,8,9,0,0,0,1,3,8,2
43,4,4,6,0,2,0,0,14,7,0,1,1,0,15,19,5,1,2,1,22,4,6,8,1,0,0,0,1,11,1
53,7,2,9,1,2,2,2,6,4,1,1,1,2,10,15,2,0,3,1,17,0,3,14,0,0,0,0,0,7,2
64,4,0,11,0,2,0,0,10,9,0,0,1,7,14,13,0,1,0,1,16,3,3,14,0,0,0,4,2,9,4
35,4,3,6,0,7,1,3,5,4,0,1,1,2,10,19,4,2,2,1,17,1,3,13,2,0,0,2,2,9,2
47,3,2,8,1,2,2,4,5,1,0,1,1,1,16,10,4,1,0,4,25,2,9,10,0,1,0,0,0,10,3
42,3,5,14,1,2,2,3,19,13,0,0,2,5,13,19,3,0,1,2,27,2,3,14,0,1,0,4,0,6,1
45,0,4,8,0,1,0,0,11,7,0,1,0,3,10,20,5,0,3,2,26,1,3,15,0,0,0,1,3,9,1
46,4,4,5,0,2,0,1,8,7,0,0,2,3,19,22,2,1,1,0,24,3,4,19,0,0,0,1,1,7,1
45,0,6,5,0,1,3,3,9,8,0,1,0,2,9,7,6,0,2,0,21,1,7,20,0,1,0,1,1,9,0
44,3,6,10,0,3,3,0,10,5,0,0,2,2,14,12,2,0,1,2,21,2,9,10,1,0,0,0,1,6,1
42,6,2,7,0,3,0,2,8,7,0,0,0,4,11,14,6,0,2,0,17,4,5,9,0,1,0,2,1,12,0
45,3,1,7,0,3,1,1,9,7,1,0,0,5,14,11,7,0,1,2,17,3,4,16,0,2,0,0,0,4,1
47,4,1,7,0,1,0,2,7,3,1,0,0,6,8,7,6,1,3,3,12,5,10,5,0,1,0,2,1,5,1
44,6,2,6,0,3,1,1,14,8,1,1,2,1,9,11,4,0,0,2,16,2,9,12,0,2,0,0,1,9,1
50,4,0,8,0,3,0,0,11,4,0,1,0,4,7,14,5,0,3,3,16,3,4,15,0,0,0,1,2,6,0
41,4,0,6,0,4,1,0,7,3,0,1,0,6,17,12,2,0,0,2,13,0,4,13,0,0,1,2,0,5,1
44,4,2,5,1,2,1,1,8,3,0,0,0,0,14,14,5,2,0,0,13,0,11,16,0,0,0,1,1,5,4
51,0,3,10,0,3,1,0,16,2,1,2,0,2,14,12,4,0,4,1,9,2,5,11,0,0,1,1,0,5,3
45,2,1,8,0,1,1,0,11,4,1,1,2,2,7,10,4,0,2,1,18,1,4,24,0,2,0,0,0,7,1
56,5,0,6,0,2,2,5,2,4,0,0,1,5,12,11,2,1,0,1,16,4,10,13,1,0,0,1,1,4,1
44,4,3,7,1,1,1,1,10,3,0,1,2,2,7,11,11,0,2,1,12,1,6,15,0,0,1,2,1,3,2
37,2,0,3,0,5,0,1,9,2,0,0,1,1,16,11,4,0,0,2,14,2,3,9,0,0,0,1,2,4,4
50,2,0,2,0,3,1,4,4,6,0,1,0,1,7,12,3,0,1,0,9,1,2,12,0,0,0,2,0,2,2
52,5,0,5,0,3,1,0,11,1,0,0,2,3,3,11,4,1,4,0,11,4,8,10,0,0,0,0,0,5,2
45,1,2,8,0,1,2,0,7,3,0,0,0,2,12,13,4,2,2,0,9,1,13,8,0,0,0,1,0,6,0
47,0,1,3,0,6,0,1,11,4,0,0,2,7,4,11,3,1,1,3,19,3,7,4,0,0,1,1,0,6,2
61,2,1,2,0,2,0,1,12,1,0,0,0,2,9,11,4,0,3,1,5,2,5,11,0,0,0,3,1,4,1
51,1,0,3,0,1,0,0,8,3,0,0,0,2,13,12,3,0,1,1,10,3,5,14,1,1,0,0,0,3,1
46,4,1,9,0,2,0,2,6,4,0,0,2,3,8,14,3,0,2,2,12,1,5,9,0,0,1,0,1,7,1
51,1,1,4,0,5,0,2,8,5,0,0,0,2,6,9,2,0,0,1,15,2,6,9,0,0,0,0,0,3,3
49,4,1,3,0,1,1,1,6,1,0,0,0,0,5,11,3,0,0,1,17,1,10,7,0,0,0,1,2,0,0
49,1,0,3,0,1,2,0,19,2,1,0,1,1,9,7,6,0,2,0,14,2,4,9,1,0,0,0,0,3,1
45,6,1,7,0,3,0,0,8,3,0,1,1,0,6,7,2,1,1,2,8,2,13,9,0,1,0,0,0,4,2
41,1,1,1,1,0,0,1,18,1,1,0,0,2,6,9,4,2,2,1,17,3,6,15,0,0,0,1,0,3,2
49,5,0,4,0,5,0,2,15,2,0,1,3,3,7,5,6,1,2,0,13,0,6,17,0,0,0,0,0,5,5
49,2,0,4,0,4,0,1,6,1,0,0,2,0,5,12,8,0,0,0,9,2,9,5,0,0,1,1,0,2,3
53,2,1,3,0,2,0,1,7,2,0,0,1,0,4,6,5,0,1,1,13,2,8,6,0,0,0,0,0,3,1
52,4,0,4,0,2,0,1,8,1,1,1,2,2,3,4,6,0,0,1,6,5,5,8,0,1,1,0,1,3,1
47,6,0,3,0,2,2,3,10,4,0,2,2,1,2,5,2,0,3,2,11,0,7,5,1,0,0,2,0,1,1
47,2,1,2,0,1,0,0,14,1,0,0,1,0,4,12,8,1,3,0,11,1,8,5,1,0,0,0,0,2,1
58,6,2,2,0,2,0,1,9,0,1,1,1,1,7,8,4,1,1,0,10,0,3,15,0,0,0,0,0,3,1
39,2,1,4,0,4,0,0,12,1,0,0,0,0,5,10,9,2,4,0,4,1,3,7,0,0,2,0,0,5,2
43,4,2,2,0,4,0,1,14,0,0,0,1,2,2,14,7,0,2,0,13,1,3,5,1,0,0,1,1,1,0
45,2,2,7,0,1,1,1,9,3,0,1,2,2,4,8,2,0,1,0,8,3,4,6,1,0,0,0,0,3,0
42,2,0,2,0,4,1,1,16,4,1,0,3,1,1,7,8,0,1,0,11,2,4,8,0,0,0,0,0,5,0
35,5,2,4,0,4,0,3,6,4,0,0,1,2,8,8,6,0,1,2,6,1,3,12,0,1,0,0,0,0,1
38,8,2,7,0,5,0,2,8,0,0,0,0,0,5,8,2,0,1,0,5,0,6,12,0,0,0,0,0,6,0
48,4,1,4,0,7,1,2,5,2,0,1,0,1,2,10,1,0,1,1,5,3,7,11,1,0,0,1,0,3,0
54,11,0,4,0,3,0,1,6,3,1,1,1,2,3,14,5,0,1,0,12,0,3,6,0,0,0,1,0,3,4
45,3,0,2,0,3,0,4,3,2,0,1,0,1,3,7,1,0,0,0,7,0,6,9,0,0,0,0,0,5,3
44,2,1,10,0,6,0,2,6,1,0,1,3,0,3,9,4,0,1,0,9,2,3,7,1,1,0,1,0,2,1
47,6,1,6,0,2,0,0,12,2,1,1,0,1,5,11,5,0,1,1,10,0,2,9,1,0,0,0,2,1,1
55,6,1,3,0,2,0,0,7,3,0,0,0,0,4,9,3,0,1,1,13,0,5,7,0,0,0,0,0,5,1
40,4,0,3,0,4,1,1,11,1,0,0,0,2,3,7,3,0,0,1,9,1,6,6,0,0,0,0,0,5,3
56,2,1,3,0,4,0,1,9,3,0,2,3,1,3,10,3,0,4,0,8,4,8,2,2,0,0,0,0,4,0
43,5,0,2,0,3,0,0,5,1,1,0,1,2,2,9,2,2,1,1,11,1,8,9,0,0,0,1,0,2,3
39,5,0,2,0,9,0,2,6,0,0,1,0,2,5,5,5,1,2,1,8,1,2,5,0,0,0,0,0,2,0
52,5,1,4,0,1,0,2,12,0,0,0,0,0,2,11,2,1,2,0,5,1,7,6,0,0,0,0,0,2,1
47,8,0,5,0,4,0,1,10,1,0,2,0,2,1,11,3,1,2,0,4,1,5,5,0,1,0,1,0,1,3
46,2,0,0,0,2,0,0,3,3,0,0,0,0,4,6,8,1,3,1,8,0,3,6,1,0,0,1,0,6,2
61,4,0,3,0,5,0,1,8,1,0,1,1,0,1,8,1,0,3,0,5,3,7,4,0,0,0,0,0,4,1
48,4,0,6,0,4,0,2,8,1,0,0,0,1,4,11,4,0,3,1,8,1,3,2,0,0,0,1,1,2,1
35,4,0,1,0,3,1,1,9,2,1,1,0,1,5,3,4,0,2,0,3,0,7,11,2,0,0,0,0,2,1
44,11,1,1,0,1,0,1,7,0,0,0,0,2,2,12,5,0,0,0,6,1,7,9,0,0,0,2,1,2,1
44,7,0,3,0,0,0,2,12,1,0,1,1,0,2,6,4,1,1,0,4,0,1,6,0,0,0,1,0,2,3
51,6,0,5,0,4,1,0,9,3,0,0,0,1,4,7,5,0,1,0,7,0,2,9,0,0,0,2,0,0,2
42,7,0,3,0,4,0,2,7,2,0,0,1,0,5,15,4,0,2,1,9,0,4,11,1,0,0,1,1,0,3
50,4,0,2,0,6,0,4,10,3,0,1,1,0,2,12,7,0,1,1,4,0,7,8,0,0,0,1,0,1,0
43,6,0,7,0,5,0,1,10,2,0,0,1,1,2,13,1,0,3,1,6,2,7,6,0,1,1,0,0,3,4
47,3,0,0,0,3,0,2,7,4,0,0,0,2,1,7,5,1,4,0,5,1,3,11,0,0,0,0,0,1,3
34,5,1,4,0,3,0,2,10,2,0,3,0,0,5,8,2,0,1,0,7,1,5,7,0,0,0,0,1,4,0
42,2,0,2,0,6,0,2,13,1,0,0,0,0,4,10,2,0,0,0,7,0,4,7,0,0,0,0,0,3,2
44,3,0,0,0,11,0,1,7,0,0,0,0,0,5,13,0,0,0,2,2,1,4,9,0,0,0,1,0,2,4
52,6,0,2,0,2,0,1,7,1,0,1,0,1,1,7,4,0,2,1,7,3,5,4,0,2,1,0,0,2,3
57,3,1,2,0,12,0,1,13,3,0,0,0,1,3,13,7,0,0,0,5,0,7,9,0,1,0,1,0,4,2
46,1,1,1,0,7,0,0,5,1,1,1,0,0,4,12,1,0,0,1,9,1,5,13,0,0,0,0,0,2,1
57,0,2,1,0,9,0,1,13,1,0,0,0,4,5,11,4,0,1,0,8,2,7,9,0,1,1,2,0,1,3
42,3,0,0,0,6,0,5,20,3,0,0,0,1,6,14,3,0,1,1,11,0,5,9,0,0,0,1,0,1,5
54,2,0,0,0,7,0,0,9,1,0,1,1,0,5,5,4,0,2,0,9,0,8,13,1,0,0,1,0,0,0
42,2,0,5,0,9,0,2,13,3,0,1,2,1,4,7,5,0,1,2,4,3,5,10,0,0,0,1,0,1,3
49,5,0,4,0,5,0,1,13,2,0,0,0,1,3,9,5,2,0,1,10,2,5,11,0,1,0,0,0,3,2
49,4,0,4,0,7,2,2,14,5,0,0,0,1,6,13,5,0,4,1,11,3,5,10,0,1,0,0,0,0,4
42,3,0,1,0,7,0,4,9,2,0,0,2,1,3,12,3,0,2,0,8,2,9,8,0,1,0,1,1,2,4
61,2,0,0,0,8,0,1,15,1,0,1,2,0,5,9,4,0,1,0,8,0,7,11,0,0,0,1,0,1,2
44,5,0,0,0,14,0,4,7,3,0,0,0,2,2,8,3,0,2,0,10,0,2,15,0,0,0,1,0,2,3
45,2,1,0,0,15,0,2,7,3,0,2,2,1,5,15,1,0,1,1,6,0,2,11,1,0,1,0,0,2,4
49,3,0,2,0,9,0,2,4,5,0,0,1,3,5,11,2,0,0,0,8,1,9,9,2,0,0,0,0,1,2
57,4,0,1,0,10,0,1,16,2,0,0,0,1,2,14,1,0,1,1,10,2,6,7,0,1,0,0,0,0,4
53,1,0,1,0,22,0,2,11,1,0,0,0,1,1,12,4,0,1,1,9,1,7,13,0,0,0,1,0,0,3
42,4,0,0,0,9,1,1,18,1,0,0,0,0,10,8,1,0,1,0,5,1,5,13,1,1,1,1,2,0,3
66,5,0,0,0,13,0,0,10,4,0,0,0,0,4,16,1,0,2,1,8,2,8,9,0,0,0,0,0,0,1
58,4,0,1,0,14,0,0,10,1,0,1,1,1,3,12,1,1,1,0,11,1,9,6,1,0,0,0,0,0,3
53,4,0,3,0,17,0,2,15,3,0,1,1,0,1,16,3,1,0,0,3,0,9,13,1,0,0,1,0,3,4
56,4,0,0,0,8,0,0,6,0,0,0,1,0,3,10,3,0,1,0,10,1,3,13,1,0,0,0,0,0,3
57,2,1,1,0,11,0,1,11,1,0,0,2,0,7,7,2,0,1,0,5,2,13,10,1,0,0,1,0,3,4
56,2,1,2,0,19,0,0,18,2,0,0,1,0,2,9,5,0,1,0,5,0,7,11,0,1,0,0,0,0,4
61,1,0,0,0,9,0,0,7,2,0,0,0,4,3,12,3,0,0,0,7,1,2,9,0,0,0,0,0,1,3
52,2,0,1,0,16,0,0,11,3,0,0,0,3,1,11,3,0,3,0,6,2,5,11,1,0,0,0,0,1,7
77,1,0,0,0,14,0,7,7,5,0,0,1,0,10,7,2,0,1,0,5,1,9,12,1,0,0,1,0,2,1
69,0,0,0,0,21,0,1,10,3,0,1,0,0,3,6,3,1,0,0,9,0,5,15,0,0,0,0,1,0,3
70,4,0,1,0,9,1,0,7,6,0,0,2,0,6,14,7,0,4,1,3,0,5,11,0,2,0,1,0,1,1
64,1,0,3,0,13,0,1,12,2,0,0,2,1,0,12,2,0,4,0,11,1,8,4,2,0,0,0,0,1,4
76,2,0,1,0,12,0,2,8,3,0,0,0,1,3,13,2,0,0,1,7,0,13,14,1,0,0,1,0,3,3
65,2,1,1,0,26,0,2,12,3,0,0,0,0,2,13,1,0,4,1,9,2,10,18,0,0,0,0,1,0,5
74,1,0,1,0,13,2,2,14,3,0,0,3,0,3,15,7,0,1,1,5,0,10,11,1,1,0,0,0,2,1
71,4,0,1,0,10,0,1,10,2,0,1,1,0,6,14,2,0,1,1,7,1,8,10,0,1,0,0,0,0,3
80,1,0,1,0,14,0,2,9,2,0,0,0,0,3,16,2,0,4,1,7,0,9,13,1,0,0,1,0,0,4
70,1,0,1,0,13,0,1,11,3,0,1,2,0,3,9,2,0,1,1,8,0,15,9,0,0,0,0,0,0,4
80,4,1,1,0,13,0,2,7,4,0,0,1,1,4,14,2,0,1,1,7,0,17,26,2,0,0,0,0,2,4
91,1,1,2,0,7,1,0,10,10,0,0,1,1,6,5,1,0,1,0,11,0,9,14,2,0,0,0,0,0,7
72,2,0,3,0,8,0,2,9,4,0,0,1,0,4,10,4,1,2,0,9,0,12,10,0,0,0,0,0,2,2
85,2,0,4,0,13,0,1,7,4,0,0,1,1,4,9,3,0,3,0,7,0,7,7,0,0,0,0,1,3,2
77,3,0,4,0,13,0,1,10,5,0,0,1,1,0,10,4,0,0,1,9,0,8,8,0,0,0,0,0,0,4
88,1,0,3,0,7,0,0,12,8,0,1,2,0,4,11,0,0,3,0,14,0,9,14,0,0,0,0,0,5,4
81,1,0,2,0,10,0,0,15,2,0,0,1,0,2,5,1,0,1,0,9,0,11,15,1,0,0,1,0,2,1
69,4,0,1,0,9,0,0,15,3,0,0,1,0,2,13,3,0,0,1,7,1,7,18,0,1,0,1,0,1,3
97,0,1,2,0,14,0,1,15,6,0,0,0,0,5,12,2,1,2,0,13,0,15,14,2,0,0,0,0,4,1
117,1,0,3,0,8,0,6,10,7,0,2,0,1,8,7,1,0,1,1,6,1,12,7,0,0,0,0,0,3,5
91,4,0,1,0,9,0,6,20,4,0,0,1,0,3,12,5,0,2,0,13,0,15,9,4,0,0,0,0,0,4
77,3,0,1,0,12,0,2,12,5,0,0,2,0,5,9,4,0,1,0,9,0,17,13,2,0,1,0,0,1,2
97,2,1,1,0,5,0,1,9,3,0,0,3,1,8,8,5,0,4,0,7,0,13,16,1,0,0,1,0,4,2
82,3,1,2,0,9,0,1,10,3,0,0,4,0,2,7,6,0,2,0,8,0,24,9,1,0,0,1,0,5,2
89,5,0,1,0,7,1,3,10,5,0,1,1,1,3,14,5,0,2,1,19,0,13,15,2,0,0,1,1,3,0
126,1,1,1,0,8,0,3,19,7,0,0,1,0,9,4,5,0,2,1,5,1,20,7,3,2,0,0,0,1,3
111,0,0,6,0,3,0,3,14,7,0,0,0,0,6,9,3,0,1,1,4,0,12,10,0,1,0,0,2,2,2
114,4,0,2,0,4,0,1,19,11,0,0,0,0,4,10,3,0,3,0,7,0,14,6,2,0,0,0,0,2,5
127,1,0,0,0,9,0,1,14,7,0,1,2,1,3,6,5,1,1,0,2,1,13,11,2,1,0,0,0,3,4
119,1,0,2,0,7,0,1,22,10,0,0,1,1,2,11,3,0,1,0,14,0,11,15,2,0,0,2,1,3,4
127,1,0,0,0,7,0,2,27,8,0,0,1,1,4,7,6,0,2,1,6,1,14,13,1,1,0,1,1,2,3
118,3,0,4,0,8,0,3,18,16,0,0,2,2,3,10,0,0,1,0,14,0,18,11,0,4,0,1,1,3,2
133,0,0,1,0,11,1,3,20,9,0,1,4,0,6,5,5,0,1,1,10,1,15,11,2,1,1,0,1,2,1
144,10,0,1,0,8,0,3,17,6,0,0,1,0,3,10,6,0,1,0,8,1,19,7,2,2,0,2,1,0,2
141,2,0,1,0,6,0,1,20,9,0,0,3,1,7,6,5,0,4,1,10,0,15,10,0,1,0,1,3,7,3
147,1,0,3,0,6,0,2,19,14,0,0,4,0,5,8,2,0,4,1,12,0,19,13,0,0,0,1,2,6,6
142,2,1,2,0,6,0,2,22,5,0,0,0,0,7,7,7,0,2,0,10,0,20,8,3,1,0,0,0,2,2
152,1,0,2,0,13,0,1,32,11,0,1,2,2,3,10,3,0,2,1,11,1,15,11,3,2,0,0,0,1,1
154,4,0,2,0,10,0,2,19,11,0,0,4,0,1,13,8,0,1,2,19,0,10,10,1,0,0,1,0,4,2
148,4,0,0,0,6,1,0,24,14,0,1,1,1,3,9,2,0,3,0,23,0,22,12,1,1,0,3,2,3,1
159,1,0,0,0,4,0,3,18,17,0,1,0,1,2,9,9,0,0,0,14,1,7,13,1,1,0,0,0,5,2
158,3,0,0,0,3,0,2,20,17,1,0,2,1,2,13,4,0,0,0,16,1,14,12,3,1,0,0,1,4,1
160,1,0,4,0,6,0,5,22,13,0,1,4,1,7,7,6,0,3,1,17,0,15,16,2,1,0,0,0,2,2
142,2,0,2,0,8,0,4,27,19,0,0,1,3,2,13,6,0,2,0,15,0,17,9,1,0,2,2,1,2,4
182,0,0,0,0,9,0,2,25,14,0,1,3,2,3,15,5,0,2,0,13,0,12,6,0,0,0,3,0,5,1
188,0,1,0,0,8,0,2,19,17,0,1,1,1,5,14,5,1,1,0,19,1,12,13,0,2,0,4,1,6,5
176,1,1,6,0,4,0,2,24,14,0,0,1,2,9,14,6,0,3,0,19,0,10,13,0,1,0,0,2,7,3
182,0,0,2,0,3,0,3,23,13,0,1,1,0,4,18,8,1,3,0,22,1,11,11,1,1,0,1,0,6,2
188,3,3,3,0,8,0,5,23,14,0,0,1,1,4,13,5,0,4,1,19,0,19,12,0,2,0,1,4,2,1
165,3,0,2,0,3,0,8,15,18,0,0,2,2,3,17,7,0,2,1,23,0,15,13,1,1,0,3,4,4,1
174,0,0,6,0,4,1,2,30,11,0,0,1,0,3,10,11,0,1,2,21,0,18,13,2,0,0,0,2,5,2
201,2,0,7,0,3,0,3,25,20,0,0,1,0,1,17,7,0,4,1,22,0,15,10,1,1,0,5,3,4,2
210,4,1,2,0,4,0,3,30,15,0,0,4,4,2,25,17,0,5,1,18,0,21,9,0,1,0,2,1,7,2
202,1,0,3,0,4,0,3,23,19,1,0,6,3,4,14,7,0,6,0,30,0,22,9,3,0,0,1,2,1,5
183,7,2,6,0,7,0,2,21,17,0,0,5,2,4,14,7,0,0,1,14,0,24,10,0,0,0,2,1,2,0
204,4,1,4,0,7,0,4,43,15,0,1,3,4,7,20,13,0,4,1,38,1,16,9,1,1,0,6,2,3,1
176,2,0,4,0,6,0,4,36,9,0,0,2,4,3,22,8,0,5,1,32,1,17,13,1,1,0,2,8,6,4
194,4,0,7,0,5,1,6,49,12,0,0,0,2,1,23,9,0,4,0,28,0,20,9,2,2,0,3,5,8,5
192,3,0,3,0,8,0,3,43,8,0,0,3,2,8,18,10,0,5,1,36,0,30,15,2,0,0,6,3,5,4
213,6,2,3,0,10,0,2,49,16,1,1,1,1,5,21,13,0,4,0,35,1,22,16,0,3,0,5,2,3,1
234,5,1,6,0,9,0,10,47,11,0,0,3,2,5,17,13,0,5,2,22,0,16,17,2,2,0,4,1,6,1
205,6,0,2,0,8,0,3,41,17,0,1,5,5,5,19,23,1,4,0,37,1,20,18,0,2,0,4,6,7,1
199,11,0,3,0,12,1,2,36,8,0,0,5,2,4,26,14,0,4,1,30,1,14,17,0,0,1,1,2,7,4
207,6,2,1,0,13,0,6,35,10,0,0,2,3,8,29,11,0,4,0,33,1,22,15,2,1,1,6,3,5,2
214,5,0,3,0,8,0,6,33,13,0,0,3,0,4,22,15,1,1,1,40,1,17,15,1,2,0,6,3,8,6
199,7,2,7,0,3,0,4,47,14,0,0,2,3,2,17,13,0,2,2,31,1,28,28,2,4,0,4,3,2,2
222,6,1,8,0,3,0,3,45,28,0,1,3,1,1,26,17,1,0,0,31,2,17,19,1,2,0,2,3,4,2
220,6,4,10,0,10,0,5,56,15,0,0,5,2,12,21,11,1,3,0,44,0,28,18,4,0,1,2,5,6,6
250,11,1,3,0,9,0,2,34,12,0,0,2,3,4,22,12,1,6,1,34,1,22,22,2,1,2,2,7,3,1
238,6,0,2,0,2,0,4,62,11,0,1,5,4,8,26,24,1,3,4,36,2,29,15,1,1,0,5,3,4,0
213,7,1,6,0,8,1,8,52,7,0,0,3,1,7,25,16,1,6,0,41,1,24,26,0,1,0,5,4,4,3
217,12,1,1,0,1,0,7,38,9,0,3,2,5,7,24,18,2,5,0,37,1,20,12,1,0,0,5,2,6,1
215,4,3,2,0,6,0,7,50,5,0,2,3,0,5,18,19,0,2,1,43,0,21,16,5,0,0,5,2,5,0
231,8,2,7,0,2,0,7,36,9,0,4,1,1,6,24,26,0,7,1,36,0,17,17,0,1,0,4,5,5,4
252,7,0,7,0,8,1,14,44,8,0,2,4,2,4,22,21,1,2,0,42,2,21,16,3,2,0,4,3,4,3
265,13,1,4,0,6,0,6,38,6,0,1,2,0,6,20,22,0,4,1,34,0,19,16,2,5,3,4,9,7,3
202,10,1,4,1,7,0,4,38,10,0,0,4,2,8,12,18,0,4,1,39,0,14,25,3,6,0,9,7,6,2
195,6,0,5,0,5,0,7,42,6,0,1,1,2,8,36,17,0,2,1,39,2,20,25,2,0,0,5,5,5,3
194,11,2,8,0,6,0,4,43,5,0,1,3,4,6,10,18,0,0,0,39,4,22,16,2,1,0,0,4,4,1
208,10,1,3,0,3,0,1,31,8,1,0,2,3,10,20,16,0,2,1,34,1,19,21,2,2,0,3,1,7,3
205,7,2,4,0,3,0,3,26,4,1,0,1,2,7,24,10,0,2,0,33,2,23,17,0,0,1,2,2,1,3
209,11,0,3,0,4,0,3,33,12,0,0,1,6,5,23,20,0,4,0,43,1,26,32,3,0,0,1,3,4,1
183,10,2,6,0,7,2,4,38,9,0,0,1,2,6,21,16,3,6,1,40,2,20,12,1,4,0,3,1,4,4
185,10,1,4,0,9,0,3,33,11,0,0,2,5,3,22,11,2,2,0,39,0,21,14,0,3,0,0,3,3,5
149,3,1,1,0,3,0,6,35,9,0,1,4,6,6,14,19,2,2,0,32,1,18,13,1,2,0,4,1,3,2
154,6,0,6,0,5,0,7,28,2,0,1,3,1,7,19,8,0,3,1,28,0,17,22,0,0,0,4,0,4,3
151,4,1,3,0,6,1,9,20,7,0,1,5,2,9,17,14,0,5,3,37,5,19,16,1,1,0,0,2,1,4
157,12,2,5,0,5,0,7,28,6,0,1,5,2,3,11,6,0,4,0,31,1,18,13,1,0,1,1,1,3,1
156,11,0,8,0,7,0,5,31,8,1,2,6,0,13,16,15,1,1,2,34,0,8,15,0,0,0,3,1,6,3
156,5,1,4,0,0,0,9,23,2,0,0,2,4,9,16,13,0,3,0,36,1,18,14,4,2,0,2,0,3,0
134,2,3,6,0,3,0,5,28,4,0,0,3,0,6,11,13,2,2,3,35,2,11,17,3,1,1,2,1,7,2
117,16,3,6,0,0,0,11,29,3,0,0,3,1,3,17,14,0,7,1,31,0,13,17,2,1,1,2,1,3,2
131,10,0,3,0,4,0,6,16,6,0,1,2,4,9,12,5,0,4,1,29,0,11,12,3,1,0,3,1,0,1
141,4,1,1,0,5,0,1,18,2,0,1,4,5,5,11,8,0,3,2,30,3,12,13,5,2,0,1,2,2,0
141,5,0,2,0,4,0,6,19,4,0,0,4,1,8,6,16,0,4,0,24,0,11,13,0,1,1,2,0,7,5
111,8,0,6,0,2,0,4,14,1,1,1,2,1,8,7,14,2,4,1,36,0,10,8,2,2,0,2,0,4,3
148,13,4,3,0,2,0,5,16,4,0,1,3,1,4,11,5,1,1,0,25,0,4,13,0,0,0,1,0,2,2
131,5,2,4,0,5,0,5,22,5,0,2,3,0,6,16,9,0,2,1,22,3,12,7,0,1,0,5,0,0,2
105,7,2,2,0,6,0,5,20,3,0,1,2,1,6,10,6,0,3,0,25,0,13,6,3,1,0,1,1,1,0
106,10,1,4,0,2,1,6,18,1,0,0,4,0,6,19,7,0,4,2,38,0,13,8,1,2,1,0,2,2,1
101,5,2,5,0,0,0,6,17,2,0,1,5,1,7,13,5,0,4,1,23,0,6,10,0,2,0,0,1,0,3
123,7,0,1,0,6,0,7,15,5,0,0,3,1,6,16,14,0,3,1,25,0,14,11,0,1,0,2,0,1,1
125,8,1,2,0,3,0,3,16,3,0,0,0,2,9,11,5,0,3,3,25,0,15,15,1,0,1,3,1,5,4
94,5,0,1,0,2,0,4,24,1,0,0,2,6,7,11,4,0,1,1,33,0,13,14,0,1,0,0,1,2,1
113,5,0,0,0,3,0,4,9,0,0,1,3,0,3,5,6,0,2,2,22,3,5,12,1,1,0,1,0,3,2
103,2,1,0,0,2,0,3,14,2,0,0,0,2,5,13,4,0,4,0,22,0,12,12,1,1,0,2,1,1,1
102,7,1,2,0,8,0,5,9,3,0,0,3,1,9,9,2,0,4,1,26,0,13,3,0,0,0,1,0,0,1
93,1,1,1,0,3,0,1,15,4,0,0,2,2,8,7,3,0,3,0,27,1,14,8,2,0,1,2,0,4,3
105,10,1,3,0,5,0,5,4,3,0,2,1,2,4,12,7,0,1,0,22,0,5,10,1,0,0,1,2,2,0
97,4,0,0,0,5,0,7,11,5,0,2,0,3,6,13,4,0,1,0,34,0,5,9,4,0,0,0,2,3,2
100,4,0,1,0,4,0,3,10,0,0,1,1,2,6,3,8,0,3,0,28,0,8,6,0,0,0,0,1,2,2
90,6,2,0,0,4,0,2,11,0,0,0,1,2,8,4,3,0,2,0,19,0,16,7,2,0,1,0,0,2,2
100,6,0,0,0,9,0,2,11,1,0,0,2,0,5,2,6,1,3,0,23,1,6,5,1,0,0,2,1,2,3
105,0,0,2,0,7,0,2,14,1,0,0,3,0,5,6,4,0,1,0,19,0,10,8,0,0,0,0,1,2,2
85,3,0,2,0,4,1,4,10,0,0,0,1,1,7,6,6,0,1,0,17,0,12,7,0,2,0,1,0,3,2
81,6,2,3,0,5,0,3,7,0,0,0,2,1,7,5,5,2,1,0,17,0,7,2,2,0,0,1,0,1,0
102,6,2,1,0,3,0,3,13,2,0,0,3,2,7,6,5,1,2,0,22,0,13,8,0,1,1,1,0,1,0
88,2,2,3,0,4,0,2,11,2,0,1,0,3,6,5,3,0,5,0,13,1,8,13,0,0,0,1,0,0,0
87,5,1,2,0,4,0,4,16,0,0,0,3,1,3,3,6,1,2,0,24,1,9,7,1,0,0,1,0,0,0
104,6,1,2,0,3,0,0,8,2,0,0,1,0,7,6,4,0,2,0,19,1,20,3,0,1,0,0,0,1,1
68,1,0,2,0,2,0,2,8,1,0,0,1,0,9,3,3,0,5,0,14,0,16,8,1,4,0,0,1,2,1
86,3,0,4,0,3,0,4,4,1,0,0,1,0,3,5,5,0,4,0,19,2,11,4,2,0,0,0,0,1,0
92,1,0,0,0,7,1,3,4,2,0,0,2,2,5,7,5,0,0,0,15,1,5,6,2,0,0,0,0,3,0
67,4,1,0,0,2,1,3,9,0,0,3,2,1,6,2,1,0,4,0,18,0,11,6,0,1,0,0,0,1,0
65,4,2,4,0,5,0,2,8,0,0,0,2,0,2,6,5,0,1,0,16,0,7,3,0,1,0,0,1,1,3
65,7,0,1,0,1,0,3,7,0,0,0,1,1,4,6,6,0,2,0,21,0,11,4,1,1,0,1,0,0,0
47,2,1,1,0,4,0,5,2,0,0,1,1,1,9,5,2,1,4,0,22,1,7,8,0,0,0,0,0,0,0
84,6,0,1,0,3,0,5,2,1,0,0,0,2,7,2,3,0,2,0,12,1,11,2,0,0,0,2,1,1,1
58,3,1,2,0,3,1,4,5,0,0,0,1,0,5,5,1,0,2,0,11,0,5,5,1,1,0,0,0,1,2
58,4,0,1,0,1,0,5,4,0,0,1,2,0,6,2,3,1,5,1,13,1,6,5,0,0,1,1,1,0,2
65,0,1,0,0,5,0,0,3,2,0,0,2,3,5,2,6,0,0,0,9,2,10,0,0,0,0,1,2,4,1
72,4,2,1,0,6,0,3,5,1,0,0,0,0,5,2,3,2,2,0,16,1,11,7,0,0,0,1,0,1,0
72,1,1,2,0,1,0,5,4,2,0,0,1,0,5,6,6,1,1,1,21,0,6,5,0,1,0,0,0,1,2
57,4,0,4,0,5,0,1,4,0,0,0,2,1,3,0,4,0,1,0,17,2,8,5,1,0,0,1,0,3,0
42,2,0,2,0,2,0,0,6,0,0,0,2,0,6,3,3,0,2,1,10,1,3,3,0,0,0,1,1,4,2
56,0,0,2,0,3,0,2,9,1,0,0,0,0,5,6,1,0,2,0,21,2,9,7,0,1,0,0,0,2,1
63,3,0,2,0,5,1,4,4,2,0,0,1,0,6,1,3,0,3,0,18,4,3,3,0,1,0,0,0,3,3
58,4,1,1,1,3,1,2,4,1,0,1,0,0,5,3,5,1,1,0,16,0,5,8,0,1,0,1,1,0,0
47,6,0,2,0,6,1,3,4,1,0,0,1,1,5,3,1,0,3,0,19,0,4,5,0,0,0,0,0,1,0
39,3,1,1,0,3,0,3,2,1,0,1,0,0,5,2,4,0,2,1,13,3,7,3,2,1,0,0,0,1,0
48,1,1,1,0,3,0,2,3,4,0,0,0,0,6,1,2,0,2,1,18,1,3,3,0,0,0,0,0,2,2
46,0,1,2,0,7,0,1,5,1,0,0,0,1,6,3,5,0,3,1,12,0,8,3,0,1,0,1,1,1,0
58,1,0,2,0,8,0,7,4,0,0,0,0,2,3,4,5,0,0,0,11,0,6,2,0,0,0,0,1,0,1
42,5,0,2,0,11,0,1,3,1,0,0,2,0,4,3,2,1,0,0,7,2,5,2,1,0,0,1,0,1,1
37,4,0,3,0,7,0,1,5,2,0,0,0,2,10,2,5,0,0,1,17,0,9,3,0,1,0,1,0,0,0
35,5,1,0,0,4,0,2,1,0,0,0,1,1,10,5,7,0,0,0,13,1,4,4,0,1,0,0,0,0,0
45,0,1,2,0,8,0,4,8,0,0,0,2,0,6,1,2,0,1,0,17,0,4,2,0,0,0,1,0,1,0
42,2,2,3,0,14,0,6,9,1,0,0,1,0,8,3,1,0,0,0,17,1,3,3,0,1,0,0,0,0,1
36,0,2,1,0,6,0,3,2,0,0,0,2,0,7,0,1,0,1,1,13,0,4,6,0,1,0,2,0,1,1
26,1,0,4,0,3,1,1,1,1,0,1,1,0,2,2,8,0,4,0,15,0,9,4,2,1,0,0,1,2,1
38,3,1,0,0,9,1,4,0,1,0,0,2,0,3,2,2,1,1,0,6,0,3,2,0,0,0,1,1,0,1
46,4,0,1,0,8,0,3,7,0,0,1,3,0,4,2,1,0,0,0,14,0,2,1,0,0,0,1,0,2,0
41,4,0,5,1,6,0,1,3,0,0,1,1,2,3,1,3,0,1,1,11,1,2,4,0,0,0,1,0,1,0
35,4,1,7,0,5,0,4,9,2,0,0,0,0,3,1,2,0,0,1,16,2,5,2,0,1,0,1,0,1,1
35,1,0,3,0,11,0,1,3,0,0,0,1,1,5,3,2,0,1,0,9,1,5,5,0,0,0,0,0,1,1
29,2,2,4,0,4,0,0,4,0,0,0,0,3,5,4,0,0,1,0,13,0,4,5,0,0,0,1,0,0,0
38,2,0,1,0,8,0,1,4,0,0,0,1,1,3,3,1,0,1,0,11,0,3,1,1,1,0,1,0,1,1
31,2,0,0,0,9,0,3,4,1,0,0,0,0,6,1,1,0,0,0,13,0,3,3,0,0,1,2,0,0,0
30,4,2,3,0,9,0,1,4,1,0,0,2,1,3,2,2,0,3,0,9,1,5,4,0,1,0,0,0,1,0
23,7,0,5,0,3,0,2,1,4,0,0,1,0,1,0,3,0,1,0,16,2,1,1,0,0,0,0,1,0,0
33,5,1,3,0,6,0,1,1,4,0,0,1,1,4,0,3,1,1,0,7,1,3,4,0,1,0,0,0,1,0
34,1,1,3,0,8,0,2,2,1,0,0,1,0,5,6,1,0,0,0,10,0,4,1,0,0,0,1,0,1,0
26,2,0,0,0,5,0,1,3,0,0,0,2,0,2,2,0,2,1,4,15,0,1,2,0,1,0,0,1,0,1
21,1,0,2,0,10,0,1,3,0,0,0,0,0,5,1,2,0,1,0,12,0,6,1,0,0,0,0,0,0,2
23,3,0,2,0,2,0,3,2,2,0,0,2,0,3,5,2,0,3,0,3,0,1,1,1,0,0,1,0,1,0
29,4,0,2,0,5,0,3,2,0,0,1,1,0,6,1,0,0,0,0,10,0,1,4,0,0,0,0,1,3,1
20,1,0,2,0,4,1,1,3,3,0,1,0,2,2,0,3,0,0,0,7,0,5,3,0,0,0,0,0,4,1
30,0,0,2,0,5,0,1,0,2,0,0,1,0,5,2,1,1,2,0,8,1,5,3,0,0,0,0,0,1,0
22,0,1,3,0,8,0,1,2,0,0,0,1,0,6,3,4,0,0,0,11,0,5,1,0,0,0,1,0,2,0
17,1,0,7,0,2,0,0,3,1,0,1,1,0,2,1,3,1,0,0,6,0,4,1,0,0,0,0,0,1,0
21,2,0,4,0,3,0,1,1,1,0,1,0,0,5,4,1,1,1,1,7,0,0,2,0,1,0,0,0,0,0
17,2,1,4,0,6,0,2,5,0,0,0,0,0,2,3,5,1,0,0,8,1,7,2,0,0,1,0,0,0,0
20,3,2,3,0,6,0,3,2,0,0,0,0,2,2,3,0,0,1,0,9,0,1,1,0,1,0,0,0,2,0
11,1,0,3,0,4,1,1,2,3,0,0,0,2,3,3,0,0,2,1,7,0,2,5,0,0,0,0,0,1,1
17,0,0,3,0,7,0,2,4,2,0,0,0,0,2,1,3,1,0,2,5,1,1,4,0,0,0,1,3,1,0
13,1,0,0,0,4,0,0,2,2,0,0,0,0,3,1,1,2,3,2,6,0,4,0,1,0,0,0,0,0,0
15,0,0,3,0,8,0,0,0,0,0,0,0,0,5,2,1,1,0,0,4,1,6,1,0,0,0,0,1,2,0
11,0,0,4,0,2,0,0,1,0,0,0,0,0,4,0,4,0,0,0,7,2,5,2,0,0,0,0,0,2,1
18,0,1,4,0,2,0,2,2,0,0,0,2,0,3,0,2,0,0,0,7,1,8,0,0,0,0,1,0,0,0
20,2,0,4,0,2,0,2,5,0,1,0,2,1,1,1,2,0,0,0,8,0,3,4,1,0,0,2,0,0,0
6,1,0,12,0,4,0,0,0,0,0,0,0,3,4,0,2,0,0,0,6,0,4,0,1,1,0,0,0,0,0
13,1,0,3,0,5,0,1,3,0,0,0,0,1,3,0,3,0,1,2,5,0,0,3,1,1,0,0,0,1,0
7,1,1,5,0,3,0,2,3,0,0,0,0,1,2,1,0,0,1,0,4,0,1,2,0,0,0,0,0,1,0
17,0,0,3,0,5,1,1,2,0,0,0,0,1,3,0,0,0,0,0,5,2,3,0,0,0,0,0,0,1,1
10,1,0,1,0,5,0,1,1,2,1,0,0,0,2,4,1,0,0,0,8,0,2,0,0,0,0,0,0,2,0
8,2,0,5,0,2,0,3,1,0,0,0,0,3,3,2,1,0,2,2,3,0,1,2,0,0,0,0,1,2,0
9,0,1,3,0,2,0,1,5,1,0,0,0,3,1,5,0,0,0,0,4,1,1,2,1,0,0,0,0,0,0
15,0,0,7,0,3,0,1,2,0,0,0,0,3,6,1,0,0,0,0,2,0,2,1,0,0,0,0,0,2,0
7,0,1,4,0,5,1,1,0,1,0,0,0,2,3,2,0,0,1,1,3,0,1,1,0,0,0,0,0,2,0
8,1,0,3,0,0,0,0,1,2,0,0,0,1,4,3,1,0,0,1,5,0,0,2,0,0,0,0,1,3,0
8,0,0,4,0,2,1,1,2,0,1,0,1,0,3,0,0,0,0,1,2,0,1,2,0,0,0,0,0,1,1
9,0,0,5,0,2,1,0,0,0,0,0,1,2,4,3,0,0,0,0,3,0,0,0,0,0,0,0,0,1,0
7,0,0,11,0,3,0,0,0,0,0,0,0,4,4,2,0,0,0,0,2,0,2,1,0,0,0,1,0,1,0
9,4,0,4,0,2,0,0,0,1,0,0,0,0,3,1,1,0,0,1,3,0,0,0,0,0,0,0,0,0,0
9,0,0,6,0,2,0,0,0,1,0,0,0,0,1,3,1,1,0,1,4,0,0,0,0,0,0,0,1,0,1
5,1,1,5,0,2,1,0,2,0,0,0,0,1,2,0,2,2,0,2,4,0,0,3,0,0,0,0,0,1,0
8,0,0,3,0,2,0,0,1,0,0,0,0,2,4,1,2,0,0,0,4,2,2,1,0,0,0,0,0,1,0
5,2,0,7,0,0,0,3,3,1,0,0,0,0,3,0,0,1,0,1,2,0,2,2,0,0,0,0,0,1,0
5,3,0,2,0,2,0,1,0,0,0,0,0,1,4,3,0,0,0,0,6,0,0,2,0,0,0,0,0,2,0
4,3,0,6,0,1,0,0,0,2,0,1,0,0,2,3,0,0,1,2,5,1,0,0,0,0,0,0,0,1,0
6,2,0,6,0,2,0,1,0,1,0,0,0,0,4,1,0,0,0,1,4,1,1,0,0,0,0,0,0,2,0
6,0,1,5,0,1,1,0,1,1,0,0,0,1,2,1,1,1,1,1,5,0,1,0,0,0,0,0,0,3,0
3,1,0,3,0,0,0,1,1,3,0,0,0,0,1,1,1,1,0,0,5,1,0,1,0,0,0,0,0,1,0
5,0,0,3,0,1,0,0,0,1,0,0,0,4,2,0,0,0,0,1,3,0,0,0,0,0,0,0,0,0,0
6,0,0,6,0,1,0,0,2,0,0,0,0,0,6,1,0,1,0,1,3,0,0,1,0,0,0,0,0,1,0
5,0,2,6,0,0,0,1,0,2,0,0,0,1,6,0,2,1,0,0,3,0,0,2,0,0,0,1,0,1,0
5,1,3,6,0,1,0,2,1,1,0,0,0,2,6,2,1,0,0,0,2,0,0,0,1,0,0,0,0,3,0
4,2,2,8,0,2,0,2,0,1,0,1,0,0,5,1,0,0,0,1,3,2,0,0,0,0,0,0,0,3,0
11,0,0,4,0,2,1,1,1,2,0,0,1,0,10,0,0,0,0,0,5,0,1,0,0,0,0,0,0,1,1
5,1,1,8,0,2,0,0,1,0,0,0,0,2,7,2,1,0,0,1,1,1,1,0,0,0,0,1,0,1,0
3,1,3,4,0,1,0,0,1,2,0,0,0,1,9,3,1,0,0,1,0,0,3,0,0,0,0,0,0,2,0
9,1,0,7,0,2,0,1,0,2,1,0,0,5,8,0,0,0,0,1,1,0,0,0,0,0,0,0,0,1,0
6,3,0,4,0,2,0,0,2,0,0,0,1,3,0,0,1,0,1,1,2,0,1,0,0,0,0,0,0,3,0
3,2,3,3,0,1,1,0,0,1,0,0,0,2,5,0,1,0,0,1,2,0,1,1,0,0,0,0,1,2,0
9,1,1,4,0,1,1,1,0,1,1,1,0,4,7,0,0,0,0,1,3,0,0,0,0,0,0,0,0,0,0
6,1,0,4,0,2,0,0,2,3,0,1,1,0,10,0,0,2,0,0,6,0,0,0,0,1,0,0,0,0,0
11,2,0,4,0,1,2,0,0,1,0,0,0,2,4,1,1,1,0,0,3,0,0,2,0,0,0,0,1,0,0
9,0,2,4,0,0,1,0,0,0,0,0,0,5,6,1,1,0,0,2,2,0,0,0,0,0,1,0,0,1,0
6,0,3,5,0,3,2,0,1,1,0,0,1,5,5,1,0,0,0,0,3,0,0,0,0,0,0,0,1,0,0
3,0,2,7,0,4,0,0,0,3,0,0,0,3,12,0,1,0,0,2,2,0,0,0,0,0,0,0,0,1,0
5,0,1,8,0,1,0,0,3,2,0,0,0,5,7,0,1,1,0,4,1,1,0,0,0,0,0,0,0,2,0
9,0,0,4,1,0,0,0,0,0,0,0,0,11,8,1,1,0,0,0,2,0,0,0,0,0,0,0,2,3,0
9,1,0,5,0,1,1,1,1,2,0,0,0,4,13,1,0,0,0,2,2,1,0,0,0,0,0,0,0,1,0
9,0,1,4,0,0,0,0,0,3,0,1,0,5,4,1,0,1,0,0,0,0,2,1,0,0,0,0,0,1,0
5,2,0,6,0,1,0,0,0,2,0,0,0,8,8,0,1,0,0,0,1,0,1,0,0,0,0,0,0,4,0
4,0,0,8,0,1,3,0,0,3,0,0,1,8,10,2,0,0,0,1,0,0,0,0,0,0,0,0,0,1,0
9,2,2,3,0,0,1,0,2,2,0,0,0,9,8,1,0,0,0,0,3,1,0,3,0,0,0,0,0,2,0
13,1,4,7,0,0,0,1,0,0,0,0,0,10,9,2,0,0,0,0,1,0,0,0,0,0,0,0,0,2,0
6,0,1,3,0,1,2,1,1,1,0,0,0,8,11,1,1,0,0,0,1,1,0,0,1,0,0,0,1,2,0
8,0,0,3,0,0,1,0,1,1,0,0,0,14,11,0,0,0,1,2,2,0,0,0,0,0,0,0,0,2,0
15,0,0,5,0,2,0,0,0,4,0,0,0,7,6,0,0,0,1,0,1,0,0,2,0,0,0,0,1,2,0
19,0,1,1,0,0,0,0,1,2,0,0,0,12,9,2,0,1,0,1,1,0,0,1,0,0,0,0,1,0,0
9,0,0,11,0,3,0,0,0,3,0,0,1,15,5,2,0,0,0,3,0,0,0,1,0,0,0,0,0,0,0
11,1,3,3,0,0,0,0,0,0,0,0,0,10,7,0,0,2,0,0,1,0,0,0,0,0,0,0,1,3,0
23,2,4,5,0,0,1,0,3,0,0,1,0,8,9,0,0,0,0,3,2,2,0,0,0,0,0,0,1,3,0
21,0,0,8,0,0,0,0,2,1,1,0,0,17,4,0,1,1,0,3,0,0,0,1,0,0,0,0,0,0,0
19,1,0,7,0,1,0,0,6,1,0,0,0,15,7,1,0,0,0,1,0,0,1,3,0,0,0,0,1,1,0
22,2,1,3,0,1,0,0,2,0,0,0,0,10,5,1,1,1,0,2,1,1,0,0,0,0,0,0,1,3,0
13,2,0,8,0,0,0,0,3,1,0,0,0,8,3,1,1,0,0,2,0,0,1,0,0,0,0,0,0,0,1
21,1,1,1,0,1,1,0,1,1,0,0,0,8,5,2,0,0,0,1,3,1,1,0,0,0,0,0,0,2,0
29,2,1,2,0,0,0,0,1,3,0,0,2,9,3,2,1,0,0,2,2,2,0,1,0,0,0,0,0,2,0
21,5,0,8,0,0,0,0,2,0,0,0,1,13,4,0,5,2,0,0,0,1,0,2,0,0,0,0,0,0,0
31,7,2,3,0,0,1,1,1,4,0,0,1,8,3,4,0,0,0,1,1,1,2,0,0,0,0,0,3,0,0
22,2,2,3,0,0,1,0,2,1,0,0,0,14,10,2,0,1,0,1,3,1,3,1,0,0,0,0,0,1,0
30,4,0,4,0,0,0,0,2,1,0,0,0,7,7,2,1,1,0,1,3,2,0,2,0,0,0,0,0,0,0
30,3,2,3,0,0,1,0,3,0,0,0,0,7,7,2,3,2,3,0,3,0,3,1,0,0,0,0,0,2,0
25,5,5,6,0,2,0,2,3,1,0,0,0,7,5,0,0,0,1,2,4,1,1,0,0,0,0,0,1,1,0
29,10,1,4,0,2,0,0,5,0,0,0,1,8,7,3,2,2,0,1,2,0,0,0,0,0,0,0,0,2,0
34,4,5,7,0,0,0,1,2,3,0,0,0,5,4,2,2,2,0,2,1,2,0,0,0,0,0,0,1,1,0
34,7,0,12,0,1,0,0,3,2,2,1,2,7,2,3,4,1,1,2,0,3,3,3,0,0,0,0,0,2,0
41,14,3,5,0,1,0,0,4,3,0,0,0,8,4,4,2,5,0,2,1,2,2,0,0,0,0,0,0,2,0
44,11,1,10,0,3,0,0,4,3,0,0,3,14,8,4,1,1,0,0,3,4,0,0,0,0,0,0,1,5,0
38,4,1,5,0,0,1,0,4,0,0,0,1,9,4,1,1,3,0,1,3,1,1,0,0,0,0,0,1,0,0
36,20,1,5,0,1,1,0,7,3,0,2,2,12,3,4,3,4,1,3,7,1,3,1,0,0,0,0,1,3,0
37,21,1,6,0,1,0,0,5,2,0,1,1,9,2,2,3,2,0,1,2,1,1,3,0,0,0,0,3,0,0
50,12,1,11,0,0,0,0,4,3,0,1,0,3,2,4,3,4,2,1,5,1,3,3,0,0,0,1,3,3,1
42,12,0,8,1,0,0,1,8,3,0,0,1,5,2,9,3,2,1,1,11,6,3,0,0,0,0,0,4,2,0
47,18,2,10,0,0,1,1,4,5,0,0,2,8,4,4,6,4,1,0,7,9,4,0,0,0,0,0,0,3,1
51,16,4,6,0,0,0,1,9,4,0,3,2,2,2,12,7,7,0,1,1,5,3,2,0,0,0,0,1,2,0
65,15,3,4,0,1,0,1,10,5,0,0,1,5,5,6,6,1,0,2,5,7,3,0,0,0,0,0,1,2,2
46,16,4,12,0,1,0,1,18,5,0,1,3,5,6,2,2,3,3,2,2,6,5,4,0,0,0,0,4,2,0
63,28,3,4,0,0,0,0,13,4,0,0,1,5,6,7,6,2,1,2,7,10,2,1,0,0,0,1,6,1,1
61,13,3,11,0,0,1,0,7,4,0,2,3,3,6,6,11,7,1,3,5,12,8,1,0,0,0,1,1,1,0
78,13,1,4,0,0,0,3,17,10,0,1,1,6,1,9,5,5,0,2,8,16,9,1,0,0,0,0,8,3,2
57,19,5,7,0,0,0,1,16,0,0,1,2,4,2,9,9,5,2,4,7,17,2,2,1,0,0,0,3,2,0
66,25,1,7,0,1,0,0,9,8,0,2,3,0,6,5,2,6,7,0,8,6,4,1,0,1,0,0,3,2,1
59,16,4,13,0,1,0,0,12,4,0,5,3,4,5,7,5,2,3,2,7,6,2,4,0,0,0,0,3,6,0
62,23,1,6,1,2,0,3,9,1,0,1,1,5,3,10,6,4,2,7,6,4,4,5,0,0,0,0,4,3,2
53,23,5,8,0,0,0,2,7,1,1,1,3,2,4,9,5,4,1,4,11,5,2,0,0,0,0,0,2,8,1
69,14,3,6,0,3,2,0,9,3,0,2,0,0,4,7,4,5,0,3,12,10,7,1,0,0,0,1,0,2,2
58,22,5,9,0,4,0,1,11,9,0,4,1,4,8,11,4,4,1,2,10,6,9,3,1,1,0,1,0,5,1
75,9,3,8,0,3,0,1,13,7,0,1,3,3,4,10,2,7,3,2,13,9,4,4,1,0,0,0,4,3,0
70,15,2,10,0,2,0,0,10,4,0,2,5,4,2,13,10,6,3,2,10,9,5,2,0,0,0,0,2,2,1
56,14,6,9,0,2,1,0,11,1,0,1,2,0,4,8,11,1,5,1,13,10,7,0,0,0,0,1,3,4,1
77,15,3,13,0,2,0,1,6,2,0,4,1,1,7,17,6,6,1,2,15,8,9,6,0,0,0,0,3,1,0
74,13,5,7,0,0,0,0,13,5,0,0,2,1,4,15,3,2,2,2,21,6,9,1,1,0,0,1,2,3,0
66,13,2,8,1,1,0,2,12,1,0,2,2,0,2,14,10,7,4,2,25,6,4,0,0,1,0,1,4,1,0
70,12,2,12,0,1,0,1,21,7,0,2,2,4,5,13,6,2,1,3,24,5,8,2,1,0,0,1,3,3,0
66,9,6,5,0,0,0,6,9,5,0,1,4,1,3,18,6,5,5,1,19,3,5,4,1,0,0,0,3,4,1
60,8,3,12,0,1,0,7,14,3,0,2,5,2,8,16,5,2,2,5,19,4,6,6,3,0,0,0,4,12,2
42,9,3,5,0,0,0,3,12,5,0,1,2,0,4,17,3,1,3,1,12,5,10,3,0,0,1,1,7,3,1
63,12,2,6,0,0,1,1,10,4,0,0,2,1,2,18,4,4,0,2,11,8,5,7,0,0,0,2,1,7,3
48,9,5,15,0,1,0,0,18,4,1,1,2,1,5,14,7,0,2,4,22,8,5,10,0,0,0,1,3,3,1
56,8,1,6,1,1,0,4,11,3,0,1,0,0,3,13,5,6,2,1,25,6,12,2,2,1,0,0,4,4,0
70,7,6,8,0,0,0,5,10,7,0,3,1,0,4,13,3,3,3,1,15,5,6,6,1,0,0,1,2,4,0
60,8,4,7,0,1,0,3,17,4,0,2,3,0,5,5,6,5,0,0,21,6,4,6,1,0,0,0,5,8,0
45,9,4,3,0,0,0,4,8,4,0,1,0,2,2,8,3,3,4,1,16,4,9,1,2,1,0,0,2,3,1
55,17,7,6,0,0,0,2,13,4,0,1,0,1,6,16,12,2,4,3,18,3,8,2,1,0,0,3,4,1,0
41,7,2,3,0,0,0,0,16,2,0,0,1,2,7,16,3,5,1,4,21,7,7,10,1,2,0,1,2,5,0
53,6,8,8,0,1,0,1,9,5,0,0,1,0,4,16,3,2,1,0,28,2,9,4,1,0,1,1,3,9,4
46,8,1,5,0,0,0,2,9,5,0,0,1,0,5,9,2,0,3,3,17,2,7,4,1,1,1,1,1,4,0
48,5,2,7,1,0,0,3,16,7,0,4,1,2,4,17,6,1,2,2,12,2,6,4,0,1,0,2,2,3,0
50,4,3,5,0,0,0,2,7,4,0,1,1,0,9,18,5,2,2,0,24,1,4,3,1,1,0,1,2,3,0
49,1,5,7,0,0,0,2,17,8,0,0,1,0,3,4,4,1,2,3,17,3,9,1,0,0,0,0,2,3,1
48,8,4,6,0,0,0,3,11,5,1,0,1,1,3,7,2,3,4,4,20,1,5,6,0,1,0,0,1,4,0
39,7,5,4,0,0,1,3,13,7,0,1,2,0,6,18,2,2,0,5,17,1,6,3,0,0,0,0,1,2,0
38,2,7,6,0,0,0,3,8,1,0,0,1,0,11,6,3,2,2,2,11,4,8,4,2,1,0,0,1,8,0
41,2,7,6,0,0,0,2,13,1,0,2,3,0,4,13,2,1,0,1,14,1,6,3,1,0,0,0,3,6,2
34,1,1,2,0,0,1,3,8,1,0,0,4,0,10,4,3,0,1,0,8,2,0,3,0,0,1,0,4,9,0
