AGUASCALIENTES,BAJA CALIFORNIA,BAJA CALIFORNIA SUR,CAMPECHE,CHIAPAS,CHIHUAHUA,DISTRITO FEDERAL,COAHUILA,COLIMA,DURANGO,GUANAJUATO,GUERRERO,HIDALGO,JALISCO,MEXICO,MICHOACAN,MORELOS,NAYARIT,NUEVO LEON,OAXACA,PUEBLA,QUERETARO,QUINTANA ROO,SAN LUIS POTOSI,SINALOA,SONORA,TABASCO,TAMAULIPAS,TLAXCALA,VERACRUZ,YUCATAN,ZACATECAS,NACIONAL
0,69,6,0,4,11,70,23,2,1,1,3,5,3,70,5,3,0,0,2,20,4,24,0,14,1,8,9,5,10,9,0,382
1,33,11,2,2,9,85,23,0,0,2,1,1,8,57,1,9,0,6,0,23,1,13,0,29,3,15,1,1,6,3,1,347
2,43,16,1,5,6,99,28,0,0,5,1,3,10,67,6,1,1,2,3,15,4,14,0,10,2,21,9,0,8,10,0,392
0,29,5,0,1,10,64,11,0,1,3,2,2,2,45,2,4,4,3,3,11,1,10,3,14,7,3,3,2,2,2,1,250
2,21,5,3,1,17,59,4,0,0,4,3,2,2,57,2,3,2,1,2,11,0,11,2,15,2,9,4,6,3,5,1,259
5,80,23,3,5,15,140,28,0,1,11,8,4,4,110,6,9,2,10,5,27,4,35,3,32,12,8,10,8,7,14,1,630
2,44,24,0,2,15,144,9,0,0,6,11,3,6,85,6,7,2,8,0,14,5,24,5,25,15,13,7,7,13,13,0,515
1,63,24,0,6,16,140,19,0,1,9,7,1,9,107,4,11,2,9,5,26,3,29,2,29,16,18,3,6,5,10,2,583
0,61,22,2,3,16,150,7,0,1,2,7,0,5,88,9,8,2,1,1,17,3,11,4,13,7,11,5,1,13,11,2,483
3,58,9,1,3,17,174,16,0,0,3,5,7,8,109,3,5,0,23,3,8,2,23,1,34,8,16,11,6,11,5,0,572
1,36,7,5,1,20,127,9,1,1,7,5,3,5,90,2,2,3,8,2,15,3,20,3,25,6,20,6,8,14,8,2,465
2,53,6,2,0,16,123,8,2,0,2,12,5,5,93,4,4,4,15,2,6,1,23,0,23,5,28,9,3,9,9,1,475
9,87,15,3,6,32,294,16,0,0,3,17,8,10,185,13,9,4,20,5,25,9,23,1,52,20,30,15,7,15,22,0,955
3,119,17,4,6,25,265,18,0,0,4,8,9,4,191,17,14,2,19,4,18,8,17,1,47,6,47,20,7,13,21,1,935
12,110,5,4,6,30,256,18,1,3,13,5,6,11,214,9,11,2,8,7,29,3,21,2,52,15,39,17,5,33,31,6,984
7,97,9,5,3,38,270,6,2,2,14,12,6,11,217,8,9,3,12,5,22,8,31,2,42,17,44,26,9,42,14,4,997
17,112,6,3,10,33,356,13,3,0,30,13,10,14,183,17,13,4,9,8,31,7,34,8,45,15,58,36,6,37,15,2,1148
14,54,3,6,4,34,213,9,1,2,12,9,6,7,178,7,9,3,6,6,24,3,47,1,35,14,49,17,3,21,10,7,814
3,66,9,2,7,37,216,9,1,10,10,6,14,5,185,9,18,2,2,3,20,2,25,1,33,7,42,11,10,20,10,1,796
17,120,7,5,11,58,506,9,1,4,15,17,20,11,298,28,34,1,13,6,32,5,47,1,65,9,74,24,9,36,28,9,1520
14,122,12,7,10,55,485,24,1,4,10,6,13,17,307,13,22,4,18,5,24,2,44,4,47,15,85,19,12,47,21,2,1471
11,104,5,7,11,58,467,14,1,3,13,13,16,25,284,13,35,4,17,9,27,7,36,3,56,23,67,30,8,33,22,2,1424
21,125,9,8,15,71,418,11,3,2,9,19,20,20,309,19,31,6,6,8,32,9,49,5,68,10,63,34,12,53,34,8,1507
11,108,13,4,13,67,570,16,3,2,13,25,20,32,360,24,37,4,7,17,45,11,25,6,72,20,71,28,15,52,37,5,1733
1,73,5,7,9,51,312,6,1,5,11,13,23,10,248,27,15,3,6,8,44,1,32,8,55,9,46,41,20,48,24,4,1166
7,78,7,9,12,40,285,5,0,8,8,18,20,9,270,20,35,6,8,12,25,2,31,3,40,17,41,34,13,32,21,3,1119
18,126,10,9,20,74,549,25,2,5,25,26,25,23,434,32,51,11,20,10,37,3,45,15,87,35,60,30,14,70,45,4,1940
32,113,4,7,10,70,617,20,0,3,18,28,28,14,414,30,32,15,28,18,46,10,44,18,51,29,60,42,24,74,49,10,1958
18,121,4,9,19,78,652,14,0,9,14,32,29,22,394,23,52,7,22,12,52,12,39,9,57,26,49,37,10,78,32,9,1941
27,96,14,8,14,83,608,21,3,2,16,19,31,26,344,26,43,13,29,12,49,6,34,11,59,40,84,19,16,69,60,4,1886
4,101,2,7,18,72,406,15,1,6,14,15,26,15,347,24,36,7,27,15,43,8,32,14,60,37,57,32,9,69,26,7,1552
3,91,8,13,9,64,381,5,0,7,10,41,23,29,291,16,29,15,22,11,43,12,72,14,49,33,52,30,16,68,30,7,1494
5,97,6,14,14,37,346,5,2,7,12,30,27,16,315,27,50,15,9,15,39,5,31,9,34,26,50,25,7,65,32,2,1374
50,143,7,21,31,76,793,26,3,4,33,55,38,31,550,43,60,17,40,24,48,10,36,27,82,69,87,44,26,101,53,8,2636
13,149,12,11,28,101,647,32,4,3,23,38,30,23,424,21,54,23,61,34,37,11,27,16,61,62,72,37,16,111,45,5,2231
17,129,10,19,35,84,741,35,1,5,31,52,41,24,408,36,58,17,27,26,52,9,42,34,86,46,97,49,23,112,33,11,2390
24,128,11,13,35,85,782,23,1,11,37,43,39,51,513,30,50,15,25,25,67,15,41,13,69,48,104,47,17,125,36,9,2532
11,143,9,16,36,73,857,20,2,11,44,41,37,24,495,44,52,6,32,23,56,26,28,26,69,54,83,34,20,112,39,9,2532
0,77,6,15,23,63,451,10,3,2,28,41,27,28,332,45,30,7,28,15,52,26,21,12,53,53,54,30,20,82,20,4,1658
5,72,10,9,21,64,418,15,1,1,23,34,28,22,326,25,38,9,20,30,38,19,23,19,44,30,66,22,17,73,26,3,1551
12,135,7,27,33,83,880,30,2,6,44,52,52,52,690,69,73,20,43,57,79,47,49,31,74,80,118,41,36,143,45,11,3121
41,129,16,23,47,72,882,31,6,12,53,66,58,40,655,59,60,18,36,66,75,34,38,23,89,76,89,52,38,129,52,3,3068
16,131,13,19,68,89,926,16,4,10,41,55,47,30,663,100,64,15,68,69,93,29,27,26,83,115,115,43,42,137,63,13,3230
24,120,8,15,67,89,850,33,12,13,52,79,67,56,620,77,48,19,38,66,109,41,40,35,105,88,128,37,21,178,60,19,3214
25,150,5,18,82,83,1009,38,4,18,36,66,82,68,762,103,57,16,76,80,108,49,22,27,99,106,149,67,37,198,41,8,3689
4,75,11,17,40,61,641,16,3,5,34,55,55,20,426,43,29,3,30,66,81,28,19,26,70,71,85,52,30,136,32,3,2267
7,72,3,15,35,58,416,12,5,9,21,44,27,32,375,27,27,7,12,17,69,17,13,15,67,62,82,19,25,96,49,4,1739
38,219,11,19,96,95,1135,65,7,18,54,133,81,60,793,67,55,18,48,121,133,46,48,34,152,173,124,65,43,170,55,6,4182
19,155,15,22,65,82,1079,52,8,8,69,121,70,79,649,67,59,24,39,77,131,62,37,28,110,157,109,53,51,155,55,0,3707
29,174,17,26,75,89,1094,43,9,23,58,148,78,64,740,102,55,18,61,80,121,42,46,40,127,158,164,65,41,189,59,16,4051
27,238,8,20,104,112,1017,63,4,21,65,139,96,65,731,79,59,19,36,102,150,38,40,37,120,185,144,77,50,183,71,8,4108
24,213,15,26,98,81,971,47,8,24,57,131,81,76,792,96,72,26,52,84,176,39,48,55,145,164,144,92,44,182,63,9,4135
18,69,7,18,55,74,521,43,4,7,53,66,53,44,390,22,34,13,36,85,150,22,40,21,63,137,100,70,28,123,34,11,2411
10,83,9,15,50,33,400,17,7,16,20,75,40,37,431,35,24,8,28,39,84,12,25,21,86,110,85,41,17,109,31,6,2004
43,139,17,35,147,102,1093,60,8,27,120,131,92,99,882,119,81,19,84,107,173,53,49,49,179,242,176,123,59,217,56,13,4794
36,138,14,37,132,75,953,55,7,23,97,115,72,132,747,102,82,30,120,83,162,39,32,39,195,277,208,114,38,201,56,11,4422
37,133,21,30,128,72,1021,75,5,28,107,126,83,149,824,90,52,34,72,92,188,36,43,59,199,239,219,109,41,191,61,4,4568
45,124,18,31,142,58,865,62,7,24,142,118,93,132,741,113,62,33,67,126,164,30,49,38,169,267,223,70,45,181,60,8,4307
44,121,22,20,129,91,978,95,8,34,146,104,74,163,767,127,52,30,71,121,159,38,47,50,195,220,172,85,47,192,47,17,4466
18,86,13,19,72,29,571,43,6,38,99,63,47,132,455,47,27,22,45,117,121,28,26,24,133,150,105,66,40,144,30,7,2823
21,77,8,7,72,39,448,37,4,13,70,90,42,88,393,46,32,11,20,49,65,21,22,18,75,127,74,51,25,119,25,5,2194
65,158,36,38,156,84,1116,110,11,39,184,159,95,238,925,169,67,24,85,155,201,39,45,51,230,247,206,140,65,240,57,16,5451
54,175,17,24,146,87,949,83,12,41,175,115,80,195,869,126,56,43,96,164,178,50,63,54,185,246,160,99,45,189,48,13,4837
61,167,16,19,120,63,1016,77,10,36,181,118,66,203,993,149,60,36,77,149,201,46,44,77,218,257,182,94,59,206,52,16,5069
42,155,22,40,114,51,953,88,8,45,224,131,68,182,853,148,53,27,131,196,215,46,38,79,203,250,190,105,55,239,44,18,5013
63,153,22,41,129,79,981,100,11,85,172,122,66,223,875,133,59,37,150,185,214,36,39,76,230,263,177,115,47,220,34,17,5154
24,111,14,25,72,43,557,46,11,23,129,99,54,106,467,74,27,23,79,160,128,30,24,57,159,170,136,87,34,118,45,14,3146
24,73,20,23,75,29,413,48,4,21,83,72,29,82,483,42,23,17,45,56,100,29,29,49,106,121,110,77,29,108,36,12,2468
79,177,53,44,140,80,1057,152,13,71,198,153,87,269,1124,189,89,42,206,184,312,54,55,116,220,287,294,140,68,227,89,21,6290
62,180,38,60,134,61,1016,135,15,70,234,121,110,253,964,197,55,42,156,160,248,45,51,93,252,303,296,131,58,230,70,29,5869
63,153,48,72,111,73,970,145,12,50,192,147,79,260,967,154,53,33,226,177,252,38,58,84,231,271,318,176,66,232,72,38,5821
73,151,28,75,100,68,899,140,16,62,211,153,74,233,778,173,60,45,206,156,302,32,55,78,240,278,277,134,53,216,84,20,5470
53,116,25,36,111,51,936,152,13,55,216,156,99,198,795,199,60,59,251,156,325,42,51,60,304,278,362,237,54,202,66,25,5743
35,89,22,29,68,27,427,66,11,21,128,86,46,128,422,79,40,26,194,158,189,36,33,31,101,182,180,145,26,145,42,19,3231
23,94,21,21,66,26,360,46,8,19,85,100,44,109,439,49,31,21,103,74,150,23,52,23,92,152,108,121,31,140,59,9,2699
80,186,51,102,94,59,942,180,15,73,348,144,82,240,943,203,66,49,292,197,443,59,92,114,202,301,314,253,63,361,102,37,6687
64,190,30,84,97,83,1004,213,24,93,316,153,73,221,878,198,60,36,219,160,417,43,64,103,214,318,317,299,57,313,99,34,6474
71,150,46,108,108,58,976,180,16,72,335,113,72,225,808,200,50,42,183,194,425,44,65,114,204,334,309,212,76,253,117,20,6180
64,148,48,88,97,65,956,201,16,81,326,113,78,235,789,164,42,48,233,180,522,41,68,93,169,279,325,220,56,274,105,23,6147
71,180,19,99,85,65,898,212,28,53,379,135,89,203,786,243,63,48,209,180,430,28,82,97,175,304,296,223,50,293,112,26,6161
21,92,34,55,52,39,469,121,11,18,197,53,59,153,433,123,25,30,175,142,222,34,38,51,150,203,195,208,34,191,96,11,3735
19,64,18,39,44,27,298,77,17,17,116,76,28,109,318,50,18,33,105,57,173,19,54,41,90,173,107,132,34,156,92,9,2610
73,212,31,108,99,61,903,290,21,75,398,185,75,246,793,219,36,76,301,212,500,50,109,124,223,366,279,341,66,361,145,35,7013
53,196,46,95,84,61,901,327,23,111,410,120,82,237,656,197,46,49,314,191,420,41,92,132,212,370,278,303,85,302,151,30,6615
50,181,53,90,99,66,834,259,21,93,396,95,87,203,721,171,61,48,311,172,374,42,82,119,214,356,288,306,76,296,174,24,6362
65,177,54,93,90,53,855,210,25,70,305,135,85,184,622,155,33,43,314,192,475,39,103,123,143,384,316,386,65,322,190,32,6338
55,180,41,100,89,86,939,240,27,88,378,125,90,233,732,104,38,50,327,188,377,42,137,107,193,348,262,442,91,334,147,31,6621
14,110,45,53,44,38,383,179,17,58,208,146,45,155,338,71,16,45,213,140,207,23,64,95,97,213,201,228,28,190,97,17,3778
10,63,33,50,47,23,343,108,11,38,123,177,42,120,318,31,19,25,177,80,144,25,66,43,87,198,150,170,49,197,72,23,3062
41,207,66,75,71,81,983,342,22,59,412,251,97,204,871,173,54,61,401,197,369,62,175,137,181,409,394,489,88,356,192,43,7563
36,202,58,92,55,95,940,290,23,86,427,254,83,239,658,169,35,57,381,183,367,55,151,142,180,487,410,384,95,379,161,54,7228
79,186,72,71,67,111,1025,317,35,116,416,261,110,218,854,120,42,63,433,227,354,49,128,149,200,445,408,434,81,401,173,45,7690
77,194,71,95,54,97,887,254,18,63,428,299,93,227,692,122,42,53,353,219,292,63,155,155,156,471,420,374,105,358,165,49,7101
72,167,63,61,63,82,952,332,34,70,431,272,78,226,714,129,37,60,352,211,286,33,130,171,166,466,344,392,93,385,196,49,7117
11,73,56,33,42,38,395,203,13,25,226,192,41,149,372,43,15,43,241,172,194,26,76,78,102,225,152,214,29,185,71,23,3758
9,100,49,38,23,43,251,149,15,21,139,158,33,106,290,33,12,18,201,61,143,36,60,58,91,276,140,193,50,208,74,20,3098
95,216,89,80,41,92,1006,322,33,74,486,155,103,251,744,141,45,78,538,265,344,54,194,210,158,583,338,435,74,398,177,57,7876
116,213,112,94,46,93,963,361,36,70,522,154,88,254,644,134,40,65,504,240,361,76,161,196,193,546,385,468,100,450,188,46,7919
50,215,91,96,35,106,963,301,33,78,506,116,90,225,674,124,31,43,456,207,360,61,174,206,178,506,399,417,61,409,188,52,7451
40,166,127,99,32,81,759,304,36,105,519,141,76,213,514,117,39,59,494,171,363,67,171,232,167,441,428,404,85,382,189,36,7057
84,132,117,109,42,133,882,282,60,72,458,138,90,246,719,118,45,79,456,205,335,59,154,273,171,427,348,338,80,333,185,48,7218
18,62,37,54,21,62,426,117,28,31,193,41,49,155,287,74,17,42,323,123,193,50,88,177,99,269,216,238,42,247,94,55,3928
28,78,50,62,28,35,272,86,23,26,172,129,50,128,259,47,22,31,244,67,175,32,78,106,102,213,199,145,34,228,94,34,3277
88,170,128,123,88,130,1084,395,58,105,575,170,122,307,764,148,56,75,587,179,444,85,194,352,196,613,442,436,74,480,214,45,8927
75,180,120,77,106,102,937,368,59,89,564,166,109,320,647,145,43,53,589,210,439,60,188,355,187,493,458,510,103,455,196,59,8462
91,185,133,118,51,116,1233,299,49,86,627,136,110,276,776,138,40,64,582,159,433,94,151,422,173,460,456,479,102,542,204,77,8862
80,161,116,115,58,109,1149,307,72,85,558,171,117,274,651,128,44,66,563,186,414,73,149,366,137,394,410,485,100,417,212,97,8264
78,145,90,100,42,101,1195,301,53,91,448,123,109,278,684,163,43,60,519,180,412,81,139,409,153,416,449,433,101,401,193,58,8048
18,87,64,46,21,53,673,163,41,34,236,115,73,182,335,89,16,52,249,119,207,47,72,217,78,211,236,272,54,256,94,42,4452
13,95,39,51,68,43,276,105,35,17,156,129,57,116,310,52,18,39,194,71,181,33,68,245,61,191,208,229,57,228,86,28,3499
63,167,156,117,53,117,1164,307,63,102,501,241,184,336,852,191,51,79,572,201,497,81,181,420,149,418,451,451,99,518,262,87,9131
74,142,109,107,36,111,1173,328,65,112,657,146,149,313,848,178,41,73,587,178,378,75,153,410,145,292,466,418,82,491,237,85,8659
55,143,115,88,50,134,1217,305,79,94,567,150,131,278,789,168,39,85,518,179,389,76,175,387,130,292,397,401,86,433,259,96,8305
68,124,142,86,28,131,1127,323,72,88,537,222,135,229,626,204,44,68,612,160,374,70,151,400,140,327,431,361,78,411,241,81,8091
71,139,107,85,52,110,1081,346,66,67,514,199,131,223,654,187,37,81,547,169,349,58,154,401,131,358,432,401,94,442,258,87,8031
21,81,66,36,18,54,568,186,37,22,233,101,76,132,307,82,21,31,274,123,247,47,65,246,74,188,214,248,39,217,98,58,4210
20,64,39,24,26,54,270,112,41,39,187,92,73,137,224,70,22,31,135,58,124,40,60,145,79,191,202,98,42,246,92,27,3064
69,152,175,71,48,105,1074,440,50,106,608,201,135,335,757,211,58,84,226,175,450,84,186,401,203,405,469,314,112,472,273,78,8527
63,135,155,83,42,118,1082,388,70,101,642,184,134,245,652,241,51,60,364,151,345,86,146,409,158,442,397,324,90,380,333,128,8199
57,126,116,71,33,117,1094,329,54,90,489,142,121,243,700,212,49,51,293,170,348,83,156,372,152,422,406,351,92,356,297,74,7666
57,133,155,67,21,123,1068,337,63,78,548,197,137,228,640,183,57,54,355,140,360,78,122,300,140,435,341,271,85,327,374,104,7578
70,155,100,61,40,89,949,252,44,86,439,169,133,202,617,184,50,64,341,147,259,79,127,349,106,358,349,211,75,317,233,80,6735
31,72,66,38,23,73,553,230,26,39,171,130,77,147,320,85,21,38,126,80,152,49,66,206,79,174,181,187,44,174,124,49,3831
19,65,41,32,18,42,275,71,33,18,151,64,81,113,240,55,18,28,108,39,110,33,71,126,54,132,125,84,21,173,81,39,2560
71,151,161,53,30,108,880,341,76,109,539,186,151,269,757,205,44,68,373,144,317,96,137,369,169,384,279,322,79,364,210,95,7537
65,148,146,66,39,125,1045,413,73,79,454,223,138,244,681,192,54,65,411,175,299,91,127,330,132,355,259,289,81,309,193,91,7392
49,120,152,51,47,114,1029,356,65,87,383,222,162,279,721,199,33,60,381,147,308,73,111,351,120,388,278,246,76,297,183,85,7173
42,113,123,47,35,101,929,364,69,104,364,162,136,251,583,203,50,50,355,115,331,104,107,341,127,326,287,268,63,259,170,98,6677
41,113,109,27,18,114,1007,347,58,67,434,141,143,249,621,212,48,50,407,100,268,85,99,294,114,315,250,301,61,284,162,89,6628
22,64,82,17,12,75,481,211,33,26,186,65,102,128,279,96,15,44,211,104,177,43,40,181,72,220,111,215,34,127,118,92,3683
20,46,43,16,16,44,203,86,35,22,113,43,71,122,220,71,21,38,164,29,104,36,54,113,62,152,89,118,19,118,96,58,2442
82,180,141,42,29,96,904,391,70,99,439,180,128,271,742,265,57,69,384,131,297,122,142,306,137,315,258,314,85,325,154,110,7265
48,119,121,29,21,130,1049,387,71,125,446,134,139,238,583,263,57,56,371,111,294,92,92,258,119,275,256,335,58,249,180,172,6878
67,113,126,38,19,98,1042,293,79,92,438,107,135,240,637,218,47,73,372,124,266,96,99,279,122,259,196,232,66,259,132,135,6499
56,111,142,38,35,120,1017,309,72,101,454,151,152,242,618,169,48,69,402,135,249,70,75,257,127,245,216,235,73,249,149,68,6454
54,101,131,14,21,115,1049,309,80,92,397,114,128,209,565,216,46,55,354,122,233,103,76,272,117,295,214,227,48,203,179,76,6215
11,41,55,12,9,60,484,216,42,17,170,81,79,122,285,93,22,39,204,94,135,64,47,147,59,104,111,126,34,127,101,63,3254
35,50,47,14,11,40,198,137,42,19,110,47,72,116,179,69,11,25,161,34,86,52,55,156,43,87,84,87,18,111,93,49,2338
99,169,142,31,27,106,1018,291,73,119,368,140,112,313,676,291,57,55,429,123,256,100,108,323,138,287,200,244,75,277,175,81,6903
80,128,138,44,22,103,1198,296,62,117,364,125,104,258,635,249,52,59,389,137,229,85,73,291,133,293,196,232,55,255,223,101,6726
69,123,96,34,21,116,1145,317,75,72,443,141,123,228,507,230,32,50,422,94,215,121,66,282,141,232,251,166,44,218,138,88,6300
64,137,36,25,29,114,980,301,83,104,425,106,140,237,525,248,52,35,397,94,191,93,77,265,124,264,167,192,76,174,175,95,6025
56,99,78,62,36,105,1096,397,70,102,480,90,127,206,617,214,27,47,330,109,194,91,83,289,114,255,189,261,61,174,150,93,6302
31,46,75,14,14,57,518,157,45,35,161,65,73,126,249,85,18,31,232,82,141,53,27,162,53,193,82,94,32,96,63,49,3159
36,46,49,11,9,41,288,107,45,26,152,61,71,111,217,71,8,22,147,29,81,30,39,101,56,72,81,67,18,105,110,45,2352
87,150,142,33,14,123,1103,317,78,135,517,124,163,272,636,301,51,86,429,153,266,136,120,319,117,264,148,186,88,257,185,95,7095
76,109,99,30,23,141,1094,278,84,107,423,145,141,263,647,243,48,52,547,101,223,136,74,269,132,274,189,161,70,235,168,111,6693
78,94,106,21,16,181,1462,334,70,118,472,101,120,286,543,238,43,55,540,101,213,138,85,275,141,291,203,187,67,228,139,87,7033
49,114,121,27,11,128,1279,271,58,106,441,122,112,244,634,221,43,39,536,125,200,113,78,200,113,186,220,168,37,194,251,98,6539
65,110,68,45,8,103,1307,256,61,112,435,132,103,245,583,234,41,31,484,71,206,106,65,210,108,218,207,178,50,175,221,95,6333
44,40,52,8,5,67,748,127,34,21,207,42,72,91,238,91,16,21,244,76,88,84,30,113,66,132,110,78,21,111,49,40,3166
33,38,64,6,7,47,265,54,31,27,157,41,65,117,172,84,9,25,163,23,99,61,48,116,62,54,81,91,20,102,48,32,2242
99,194,129,33,18,137,1073,234,81,139,570,147,118,329,708,306,57,46,428,103,206,144,95,289,138,242,187,250,47,255,173,67,7042
67,187,115,17,21,179,1455,237,53,142,472,158,100,254,633,307,34,61,490,126,194,161,79,245,144,244,208,252,38,250,141,91,7155
66,158,134,28,12,146,1499,202,47,173,383,174,117,274,667,247,31,38,460,90,178,109,67,275,166,156,184,247,40,255,169,124,6916
76,164,113,24,13,118,1380,186,37,108,401,154,90,273,585,267,32,48,471,127,176,111,51,219,88,130,119,245,48,202,165,76,6297
45,125,104,17,15,94,1259,191,43,112,424,165,91,225,587,215,32,30,416,97,167,123,53,202,124,197,148,228,54,201,148,106,6038
21,65,58,3,9,53,673,96,23,26,124,62,45,101,258,106,18,20,180,102,112,57,28,84,41,92,73,119,45,90,66,52,2902
26,38,39,7,7,43,262,96,22,35,141,81,47,110,183,87,6,21,135,26,71,45,27,61,49,56,79,67,26,90,73,39,2095
76,161,135,18,19,141,1007,196,52,126,416,230,105,343,692,259,35,58,441,136,178,112,83,234,118,174,155,223,39,199,185,76,6422
54,127,126,12,15,123,1395,199,47,110,455,181,78,295,678,254,37,44,529,133,156,112,70,200,113,214,134,209,40,224,183,76,6623
63,115,103,11,18,129,1339,163,31,108,391,162,113,278,569,239,34,39,450,151,178,107,48,184,97,207,82,184,27,212,149,78,6059
56,109,83,10,26,108,1240,153,42,101,425,159,81,239,635,261,39,32,330,124,173,67,46,184,98,143,123,160,31,176,145,103,5702
47,112,93,32,10,117,1213,137,48,117,409,184,103,225,583,183,21,28,341,82,126,91,30,204,113,129,124,167,27,185,135,88,5504
18,39,65,11,9,59,749,73,21,19,132,88,48,95,252,77,6,12,177,166,73,36,18,66,54,74,93,77,19,81,68,38,2813
15,33,28,7,4,22,242,70,27,23,121,77,50,126,193,73,13,29,127,35,51,42,15,69,38,63,86,41,19,85,58,36,1918
71,117,99,14,18,126,1005,187,50,98,499,205,107,329,671,249,43,47,498,135,181,103,67,248,137,217,149,169,55,206,98,71,6269
22,53,91,3,13,123,798,122,47,77,261,193,74,187,429,215,27,22,306,147,121,72,41,137,57,137,134,141,36,77,117,88,4368
31,34,55,4,3,76,236,100,24,15,155,69,60,118,194,90,12,19,211,123,75,32,25,69,34,92,51,57,11,92,37,44,2248
86,126,89,10,20,115,1307,198,45,108,309,190,93,331,687,235,39,50,540,158,174,86,57,188,118,177,158,155,56,240,159,109,6413
54,104,114,41,14,159,1177,150,65,119,302,158,92,251,632,177,26,42,439,89,138,75,56,209,120,145,135,139,24,177,119,68,5610
37,40,64,3,9,63,668,88,39,21,110,88,44,120,221,80,12,26,228,116,82,57,35,94,65,94,66,66,20,69,67,33,2825
39,38,19,6,4,66,271,47,36,31,85,49,35,104,222,55,15,21,172,32,56,44,31,64,27,33,54,50,14,80,46,17,1863
77,98,107,22,22,183,1000,212,58,151,291,191,122,339,678,234,42,45,535,169,183,118,77,227,131,167,125,191,38,271,140,75,6319
70,105,84,6,14,153,1271,182,76,108,277,196,111,343,550,206,36,43,517,153,173,108,70,219,124,204,130,186,46,178,141,94,6174
76,107,84,14,13,146,1233,176,57,109,208,209,85,307,624,217,29,34,468,142,126,117,55,202,110,190,144,121,48,175,139,69,5834
76,79,82,15,16,119,1184,167,73,96,260,156,83,300,514,186,24,45,465,97,122,95,56,143,88,157,119,128,28,179,161,90,5403
48,81,92,17,5,151,1169,164,45,109,219,125,82,295,607,189,32,20,413,111,148,89,64,167,82,151,109,152,21,142,107,79,5285
26,28,57,9,9,57,764,125,37,15,83,64,52,94,226,75,10,15,213,110,83,51,33,80,35,76,48,66,6,58,31,33,2669
25,29,19,5,12,58,316,64,25,22,76,63,25,104,166,59,2,14,153,44,65,40,26,57,42,44,69,53,9,72,55,25,1838
98,113,94,16,17,195,1144,192,75,121,321,176,90,301,591,231,32,40,601,184,157,124,100,179,134,208,144,170,28,214,126,81,6297
95,100,98,14,15,220,1240,244,70,112,246,194,85,357,540,213,41,39,482,161,98,111,54,130,110,212,120,164,38,132,111,113,5959
88,129,79,13,11,201,1228,221,74,128,280,167,81,306,523,148,24,24,384,115,111,116,60,165,96,180,94,133,34,148,113,81,5555
54,109,84,14,16,204,1190,196,54,114,274,115,77,255,527,161,48,37,387,132,128,128,61,129,91,179,59,113,22,135,107,88,5288
64,84,71,20,12,244,1068,200,55,119,304,117,76,234,427,143,31,24,364,107,147,110,59,172,95,175,69,84,22,120,95,93,5005
17,49,43,0,5,109,558,127,35,16,59,57,50,115,197,87,13,10,233,105,48,58,20,79,42,58,49,69,14,65,28,39,2454
41,31,27,5,3,85,242,106,21,23,62,55,47,84,155,40,11,16,154,60,55,45,19,68,24,52,46,33,5,53,44,58,1770
94,142,100,18,14,355,1046,259,57,162,207,176,83,270,431,166,65,35,581,131,147,122,85,208,110,218,82,147,16,188,130,84,5929
86,138,82,7,11,352,1232,322,64,146,213,133,89,274,403,177,48,20,551,156,126,113,57,216,130,185,107,129,22,160,102,103,5954
71,131,69,13,8,352,1246,246,56,203,269,151,106,300,434,148,45,25,578,148,137,118,20,209,91,141,60,127,20,130,26,95,5773
80,92,89,7,9,408,1202,236,72,180,274,126,80,228,390,132,45,25,478,125,106,131,49,191,100,131,90,102,24,135,74,103,5514
67,75,94,19,8,447,1209,250,75,175,278,102,68,243,370,119,25,34,503,132,127,162,59,233,98,108,110,98,26,146,100,104,5664
20,44,48,2,8,329,556,159,32,29,92,51,39,97,212,73,21,15,290,135,71,82,27,157,53,72,60,62,18,48,46,93,3041
55,37,22,1,4,182,309,107,28,36,86,38,48,119,154,49,15,17,202,57,45,75,26,92,47,55,53,36,11,61,53,94,2214
107,132,112,13,18,432,1258,319,49,287,313,134,99,321,470,216,54,29,700,124,171,200,49,239,131,143,106,124,31,177,139,130,6827
93,135,94,13,8,688,1381,385,56,213,301,108,88,303,467,185,37,32,605,149,126,208,58,303,124,191,86,152,44,144,175,179,7131
100,135,76,13,8,756,1229,276,50,199,282,137,105,314,421,136,49,22,503,138,138,192,50,228,113,174,96,106,31,146,109,142,6474
90,127,95,12,17,633,1350,300,46,261,294,113,119,283,439,144,30,27,510,113,158,220,46,219,95,166,68,97,14,126,112,139,6463
82,92,118,22,6,641,1527,280,74,224,309,79,98,268,441,158,45,26,534,131,144,204,46,204,107,138,84,106,30,107,133,155,6613
33,50,57,6,3,455,680,176,36,61,109,27,54,143,218,59,14,16,296,77,79,112,19,102,63,70,42,56,17,50,76,98,3354
48,51,23,2,1,261,338,164,27,53,105,26,68,123,181,45,12,12,190,38,56,91,12,103,35,76,40,41,15,45,34,51,2367
147,155,114,18,16,782,1876,407,43,332,390,117,131,404,517,183,31,35,550,127,190,295,45,280,116,211,71,143,26,183,132,161,8228
95,144,92,10,4,916,1991,431,49,326,453,94,115,348,552,216,39,32,515,112,157,233,55,323,119,159,73,218,35,112,196,179,8393
114,147,102,5,7,641,1752,414,39,352,428,88,118,323,436,144,39,21,560,133,143,179,31,243,104,166,73,154,27,83,163,188,7417
120,135,81,16,10,641,1783,431,36,338,384,94,103,275,508,146,35,15,431,112,147,226,38,217,120,184,77,128,29,120,142,172,7294
122,153,97,10,6,575,1893,409,36,300,409,60,110,232,510,109,34,10,503,102,173,200,30,238,127,160,79,138,32,101,109,168,7235
56,46,58,2,3,334,789,233,21,96,159,30,81,124,180,54,18,8,267,94,96,142,23,138,44,50,36,83,19,46,53,120,3503
42,42,20,4,5,282,325,169,16,85,125,36,64,100,185,48,8,12,182,65,70,108,19,95,47,52,36,73,10,33,43,67,2468
197,165,113,31,8,723,1987,391,39,382,546,89,147,369,558,164,43,23,530,113,166,269,37,214,130,231,84,185,34,152,104,185,8409
185,125,95,14,9,627,1925,383,52,431,569,62,109,299,549,162,41,31,486,141,152,236,43,253,124,144,114,174,27,119,35,229,7945
160,120,87,18,5,496,1952,341,38,343,440,47,120,307,521,148,24,21,443,82,144,210,52,206,108,130,111,98,28,117,86,175,7178
172,88,85,7,8,484,1708,371,35,311,423,71,136,273,535,141,25,12,466,102,169,217,24,230,71,118,78,98,24,95,100,187,6864
161,95,66,19,3,509,1544,320,34,279,401,59,105,240,513,121,20,14,441,98,148,196,46,161,77,151,21,105,22,89,71,157,6286
61,51,35,1,1,254,702,172,19,74,141,30,50,157,205,45,13,8,222,56,73,164,23,114,33,43,38,51,15,31,43,93,3018
50,46,25,0,1,260,312,103,18,61,137,19,58,95,183,38,12,9,165,33,46,106,13,80,30,41,33,38,26,41,30,59,2168
197,148,85,9,4,386,668,324,30,261,255,30,101,289,354,101,43,22,490,49,115,267,35,156,82,139,42,109,33,107,64,166,5161
208,131,70,5,4,482,2168,411,29,343,486,87,133,326,600,144,46,25,554,149,180,250,41,196,84,220,103,135,36,119,87,234,8086
186,149,82,20,3,502,2002,355,34,385,477,56,119,284,521,164,34,17,541,117,145,281,32,226,107,178,104,116,29,81,73,211,7631
164,99,72,7,4,463,1963,346,30,308,500,68,135,277,479,136,42,25,593,89,141,298,25,236,117,226,113,129,23,123,69,249,7549
177,118,58,5,4,370,1772,362,24,266,476,48,93,268,506,108,38,17,780,106,159,283,31,189,73,151,82,111,40,91,81,204,7091
50,65,29,6,2,185,832,206,19,78,189,31,61,95,265,46,20,14,415,73,92,174,16,135,39,69,50,62,20,46,39,121,3544
69,53,24,5,2,162,356,145,13,76,179,22,78,92,237,52,13,11,288,29,50,200,17,59,34,85,30,69,19,35,44,100,2648
268,154,115,12,7,402,2420,411,30,351,551,80,147,332,663,155,59,18,708,158,187,297,30,311,119,227,138,171,39,145,70,192,8967
219,108,85,8,10,402,2341,497,32,319,602,62,156,312,687,166,70,28,726,141,158,329,36,281,101,226,109,150,44,142,120,269,8936
194,129,77,12,16,375,2144,455,29,292,602,71,121,320,688,130,50,18,617,123,202,365,27,248,107,253,101,121,35,108,78,249,8357
197,100,93,12,19,460,2031,393,10,314,567,68,127,282,588,142,41,14,619,119,197,322,24,307,83,223,124,110,42,111,152,255,8146
157,98,65,19,4,338,2031,347,12,283,588,45,118,296,553,133,45,19,629,105,162,265,35,228,73,192,129,129,45,89,71,274,7577
56,71,31,3,3,189,932,215,3,140,290,25,65,133,302,47,17,8,371,77,109,185,15,133,45,79,58,70,35,42,47,106,3902
49,61,21,6,1,117,440,125,7,47,146,16,74,112,220,33,16,5,289,75,73,225,12,94,25,62,33,57,15,45,38,99,2638
80,75,31,5,5,191,454,188,6,133,244,34,101,184,279,68,13,7,270,76,81,134,13,111,33,126,40,85,33,46,34,126,3306
281,195,85,12,16,388,2520,390,30,391,770,68,169,356,778,185,56,20,602,126,241,328,31,284,118,292,138,224,71,143,87,225,9620
244,235,92,22,16,310,2172,382,35,324,683,64,129,380,716,145,52,17,515,111,186,348,44,270,99,253,114,222,68,92,115,260,8715
216,223,91,4,12,303,2000,312,24,285,728,49,125,340,610,145,50,17,564,101,220,296,21,276,96,262,123,169,40,103,103,302,8210
192,212,72,19,13,336,2155,325,14,299,744,62,135,281,702,102,38,13,579,74,166,364,44,254,105,280,131,170,44,85,120,261,8391
45,129,39,2,1,148,1244,179,15,71,300,31,61,155,339,56,21,5,291,69,113,211,14,111,45,111,91,82,22,41,79,95,4216
59,107,30,6,5,93,472,118,6,77,186,22,84,133,268,50,6,19,185,52,71,202,13,72,20,92,60,73,22,33,61,85,2782
285,348,102,25,15,239,2873,309,26,369,837,113,188,449,875,139,70,24,547,118,217,490,57,253,90,403,140,173,31,150,160,239,10354
238,318,102,12,7,255,2994,342,23,351,941,87,156,356,878,179,57,33,493,108,228,439,55,331,106,351,144,173,30,114,104,277,10282
193,328,87,27,6,225,2766,314,20,232,808,63,184,414,846,151,55,18,527,106,215,388,54,264,64,355,186,147,26,97,132,283,9581
168,319,96,22,11,225,2843,295,24,301,871,66,187,385,831,158,58,20,532,96,210,432,50,237,78,319,128,140,25,119,113,235,9594
145,276,75,13,9,170,3116,324,21,286,845,111,161,331,907,144,35,21,494,74,233,377,63,229,89,284,162,161,37,124,66,231,9614
46,121,46,3,4,90,1670,129,14,42,351,26,66,199,454,72,29,12,316,80,160,244,16,136,36,127,90,79,22,53,53,108,4894
55,113,32,1,4,76,603,123,15,77,244,24,67,121,299,49,31,8,160,30,73,229,15,77,30,104,98,65,16,49,35,84,3007
226,337,115,19,15,178,3780,290,24,268,792,78,178,399,1003,177,79,22,540,164,242,415,56,253,98,339,187,154,48,165,95,193,10929
203,397,124,15,21,172,4073,342,22,247,952,83,156,421,1103,191,89,21,500,136,270,406,64,255,103,386,174,132,46,94,102,317,11617
158,304,108,17,17,127,4392,280,26,233,837,70,182,432,1143,193,65,29,422,156,284,449,59,216,76,373,199,129,39,110,114,208,11447
137,292,90,14,19,115,4448,319,26,198,813,70,206,378,1180,136,70,29,412,145,262,416,59,207,80,335,192,147,32,78,110,179,11194
115,268,100,19,23,101,4642,299,16,169,713,54,174,319,1244,147,42,16,375,130,249,352,43,198,95,305,165,125,40,91,78,190,10897
40,163,46,6,7,60,2804,120,16,20,265,48,84,151,628,48,28,12,225,90,174,263,21,107,26,187,104,55,32,39,41,76,5986
47,114,22,2,4,43,782,87,11,27,204,39,110,134,385,51,20,11,125,54,84,228,19,69,13,180,94,53,12,44,42,58,3168
148,355,111,18,21,107,5345,270,25,190,871,110,195,397,1585,189,68,25,506,164,284,394,59,189,96,473,256,156,89,119,88,187,13090
136,379,119,12,22,135,5081,331,22,193,918,87,215,357,1599,176,98,14,604,129,241,407,44,270,79,388,291,169,49,129,100,197,12991
114,332,100,21,21,134,5064,277,25,150,862,80,194,381,1423,147,85,27,584,150,317,383,47,192,64,436,323,142,47,113,87,155,12477
101,322,139,5,27,104,5306,302,21,146,931,94,223,351,1412,171,95,20,581,124,267,443,36,184,80,340,279,165,67,135,83,190,12744
95,318,117,27,26,76,5167,248,17,144,687,82,178,364,1438,174,67,23,614,190,292,517,70,219,95,384,258,175,64,102,100,162,12490
26,159,75,9,4,60,2907,148,16,32,351,56,122,234,827,74,30,11,376,113,189,218,23,95,38,213,173,99,34,60,48,59,6879
27,142,27,3,15,41,704,92,16,30,212,52,102,142,392,51,22,8,264,34,106,214,22,69,30,138,174,87,25,49,50,67,3407
118,361,153,36,34,102,5439,329,24,183,993,149,239,447,1719,233,86,32,724,185,314,471,68,250,118,455,278,218,108,172,174,143,14355
117,351,152,18,20,100,5479,337,8,170,879,112,248,372,1710,237,86,28,694,169,325,385,82,274,101,453,273,240,109,167,136,195,14027
94,333,129,31,30,122,5213,337,30,144,750,103,197,438,1625,198,74,14,625,171,385,438,56,210,95,418,293,239,104,165,120,135,13316
105,314,138,16,30,104,5188,345,24,141,692,115,210,408,1522,195,78,18,552,184,306,405,59,226,70,389,262,192,75,129,96,193,12781
100,240,120,24,22,81,5623,238,16,132,634,93,212,333,1513,174,85,28,473,165,324,331,53,194,90,360,262,220,102,113,90,92,12537
32,122,67,2,13,43,2977,151,18,20,307,23,97,155,695,76,40,11,283,144,220,174,28,102,44,242,161,118,49,63,46,83,6606
29,142,26,6,10,62,820,129,15,20,293,32,112,189,432,65,40,11,232,73,166,161,24,86,32,165,151,83,47,54,31,61,3799
132,407,134,21,34,72,5560,305,30,138,817,107,224,500,1684,253,109,32,709,230,436,431,83,292,120,475,310,267,117,179,100,141,14449
114,318,141,9,26,107,5410,351,27,151,833,90,206,399,1680,228,121,20,690,203,394,333,82,237,90,438,322,262,109,160,117,201,13869
81,255,126,28,28,103,5225,310,29,121,647,90,174,353,1560,183,121,20,563,251,351,481,45,251,78,388,301,223,96,154,70,89,12795
47,174,107,21,16,59,4528,211,28,63,436,85,153,333,1394,152,76,21,489,174,343,305,40,149,68,225,269,164,71,107,81,83,10472
12,94,17,5,5,41,614,55,12,8,156,20,84,168,435,79,31,11,186,58,114,174,15,41,8,100,25,49,31,42,30,13,2733
36,143,92,11,19,60,1958,147,26,24,303,44,93,240,591,75,61,18,345,197,237,192,57,111,35,276,187,117,65,70,45,34,5909
40,134,43,3,12,33,1044,150,24,23,292,31,116,252,500,90,69,19,287,83,198,213,35,105,41,205,49,98,37,76,42,39,4383
127,372,185,32,17,100,6129,328,38,142,899,197,229,578,1948,332,180,47,806,279,488,545,63,220,108,563,370,244,125,260,108,148,16207
124,328,211,13,24,93,6211,358,41,174,887,152,231,552,1818,304,202,36,828,250,459,517,84,267,127,505,348,308,139,232,107,159,16089
103,237,214,18,28,75,5641,315,31,133,831,116,253,507,1694,293,242,37,747,262,484,418,90,245,107,484,282,268,134,192,98,126,14705
57,193,149,16,17,49,4925,266,36,83,601,114,175,374,1359,242,170,29,716,182,350,347,59,178,81,342,248,216,119,162,111,102,12068
27,117,35,6,10,52,702,76,19,9,187,39,108,201,471,91,54,17,163,54,177,204,24,81,32,122,37,90,42,57,35,17,3356
54,126,119,5,19,55,1889,182,16,22,306,45,126,317,621,146,218,26,531,245,341,236,49,157,84,248,234,137,96,128,71,57,6906
41,131,48,5,17,52,1106,174,50,17,301,58,155,287,532,118,224,25,386,109,236,240,50,129,55,191,63,104,65,118,44,30,5161
131,371,210,40,35,121,6762,427,38,163,880,181,344,705,1824,339,236,79,1044,350,566,651,100,324,157,513,391,345,173,330,137,188,18155
138,393,279,29,41,113,6716,398,41,180,1067,187,329,752,1917,393,244,59,1162,343,595,479,143,388,155,514,395,311,200,334,183,243,18721
138,333,267,31,44,131,6638,402,43,150,1084,188,285,858,1883,375,285,57,975,344,658,625,106,394,169,391,347,391,154,313,147,183,18389
143,344,273,22,58,134,6785,484,69,181,959,186,397,766,1933,297,300,59,1053,332,572,667,119,383,177,403,370,392,163,277,149,215,18662
156,296,259,40,49,114,6702,443,73,150,983,203,311,927,1871,283,324,68,1075,322,680,608,117,444,185,360,388,398,138,297,151,173,18588
60,119,109,9,23,56,3922,162,38,27,427,98,188,383,821,107,260,51,518,245,478,290,59,244,102,190,212,194,108,164,69,79,9812
45,104,62,6,26,45,1316,130,43,30,382,85,153,353,557,89,75,41,321,120,346,236,44,176,61,179,62,151,53,179,57,53,5580
224,368,255,31,69,120,7367,366,77,167,1261,361,337,1094,2188,343,373,96,933,393,694,694,114,499,212,493,457,320,217,335,119,197,20774
184,300,251,22,55,131,6901,448,60,221,1225,324,304,840,2072,405,308,92,1008,264,733,660,175,436,212,328,345,395,179,317,139,160,19494
168,314,218,43,46,124,6815,364,63,150,1167,231,334,878,1974,364,255,98,851,295,610,639,113,436,192,311,326,358,162,282,104,151,18436
136,272,228,29,42,92,6603,377,48,165,1222,258,322,707,1991,279,419,88,911,253,628,666,95,429,162,331,330,317,162,355,117,170,18204
171,252,185,31,42,92,6310,396,52,130,1175,248,260,750,1820,246,381,72,1064,297,585,517,99,423,200,264,314,303,157,321,148,125,17430
43,93,113,10,15,61,3753,146,42,34,440,91,148,337,864,122,299,62,481,191,442,317,41,267,99,185,181,185,79,195,45,57,9438
43,79,67,9,29,43,1091,167,32,25,314,85,120,314,626,138,61,43,341,97,260,262,39,222,75,149,45,116,64,175,55,43,5229
219,315,235,29,52,159,6617,437,62,145,1130,297,268,852,1991,361,386,85,1023,276,696,823,92,518,221,474,445,377,185,349,100,157,19376
229,214,269,29,34,130,6447,460,74,158,1099,311,266,763,1929,327,424,108,1093,357,648,676,115,560,184,298,361,379,155,347,152,193,18789
198,218,231,33,42,126,5745,382,88,139,1026,292,260,757,1892,300,546,112,991,260,533,656,98,563,187,284,318,324,183,309,176,159,17428
185,223,220,29,34,117,5527,403,75,130,1010,262,261,694,1906,273,448,109,900,249,571,659,119,505,187,317,335,314,141,327,129,180,16839
160,210,262,37,35,95,5552,368,67,128,850,207,262,612,1780,270,469,98,950,230,563,637,129,484,205,280,353,349,136,326,130,141,16375
67,83,116,16,10,57,3092,141,28,33,436,88,126,303,821,125,467,59,430,137,389,281,110,258,77,165,241,159,77,174,66,73,8705
55,65,54,12,15,37,1080,121,37,26,291,73,164,293,473,110,51,36,283,112,271,199,37,169,80,92,75,114,60,138,58,33,4714
208,196,287,43,44,139,5829,370,61,159,995,317,294,779,1896,341,713,101,925,273,580,638,130,569,214,334,424,357,125,332,141,154,17968
163,241,245,30,50,115,5859,435,41,146,952,227,232,648,1701,299,596,92,941,273,570,636,117,559,184,211,308,316,118,315,152,192,16964
126,175,212,33,45,108,5052,320,64,115,741,234,278,620,1609,208,491,98,841,251,515,559,89,485,182,216,274,256,148,258,151,171,14925
130,185,188,24,46,102,4639,354,52,108,850,264,187,528,1502,228,489,79,792,227,442,532,118,408,152,204,250,272,124,245,155,153,14029
104,132,166,48,56,68,4266,280,62,90,777,228,196,462,1379,176,396,45,602,174,431,380,110,396,140,231,220,187,95,233,113,110,12353
29,60,65,7,31,52,2387,115,23,11,346,69,115,203,691,81,438,39,371,139,330,224,63,204,70,113,130,107,54,108,37,52,6764
36,49,42,9,26,39,796,76,15,29,301,86,110,174,448,82,38,28,174,82,215,203,25,106,59,79,49,87,41,108,36,28,3676
54,61,61,6,23,44,1136,98,31,11,368,76,79,258,410,115,43,23,227,138,244,180,37,186,49,108,181,103,69,127,45,65,4656
145,174,238,26,36,117,4509,280,65,157,826,269,177,447,1582,209,518,43,556,220,442,431,95,398,137,261,246,186,125,251,168,138,13472
111,143,217,28,36,96,3908,224,53,121,759,168,154,476,1298,180,435,61,586,217,427,449,76,338,139,204,264,204,112,217,121,149,11971
100,131,189,17,10,80,3675,214,46,86,739,229,129,352,1175,155,448,39,511,202,372,415,76,297,115,181,222,163,124,196,94,141,10923
94,107,162,17,24,82,3534,219,58,70,776,178,128,301,1028,132,427,40,424,205,358,367,73,230,116,190,224,163,130,147,76,116,10196
31,44,70,4,7,46,1926,61,28,17,356,64,75,144,521,83,269,29,202,143,253,211,23,145,59,86,120,63,58,83,37,40,5298
31,46,45,2,8,34,550,48,19,19,272,42,71,127,306,43,44,20,116,63,152,133,17,81,55,49,27,73,72,87,56,32,2740
122,148,192,25,22,120,3968,252,61,123,761,178,155,353,1264,136,416,41,513,231,449,387,68,331,172,164,246,181,99,198,131,109,11616
86,103,153,15,27,91,3115,208,51,89,652,135,117,315,1066,114,179,42,410,176,321,367,62,207,119,163,232,163,81,199,116,128,9302
82,96,97,27,24,75,2981,158,34,90,513,126,94,305,1000,90,237,37,442,216,303,291,43,176,98,190,200,125,72,162,122,106,8612
88,111,127,12,31,87,2663,149,27,61,448,152,112,303,926,91,105,28,301,162,350,280,41,192,110,144,187,143,72,146,99,100,7848
57,88,83,19,26,86,2959,125,25,49,459,118,83,280,847,90,79,34,291,172,309,265,32,171,128,112,152,124,95,138,96,84,7676
18,33,51,4,10,35,1726,43,25,21,181,32,62,89,417,55,57,19,101,114,167,142,39,121,43,67,75,40,33,83,51,44,3998
20,33,32,7,5,25,514,34,15,24,154,40,54,97,229,46,33,13,60,56,156,115,19,81,43,37,31,27,36,61,44,14,2155
93,107,106,15,15,62,2980,90,38,81,483,140,93,341,929,97,241,25,205,190,369,352,64,164,136,128,206,43,71,157,112,116,8249
75,64,86,11,20,112,2798,138,27,44,427,134,85,249,970,89,286,24,222,176,300,308,68,139,123,110,174,73,59,143,88,127,7749
75,54,102,13,15,87,2507,104,26,70,408,97,108,246,813,88,188,27,239,167,257,316,49,158,88,103,162,76,56,137,110,76,7022
85,59,116,20,28,88,2436,106,24,53,454,97,90,246,861,94,105,26,209,147,282,321,42,167,96,117,145,74,41,134,113,90,6966
62,53,77,14,15,92,2426,141,29,44,426,89,84,210,780,75,207,31,226,141,267,305,55,151,81,106,151,72,53,107,98,62,6730
28,32,39,12,7,45,1362,48,13,12,155,40,47,76,378,48,34,11,110,109,183,187,30,71,32,42,66,40,26,54,44,32,3413
20,25,12,9,7,40,482,38,13,25,115,35,45,77,250,39,33,6,98,61,147,119,18,58,37,46,36,31,20,41,35,17,2035
98,86,127,31,20,158,3072,122,39,92,506,129,108,288,985,101,215,26,279,218,331,354,65,165,108,127,209,101,72,148,124,62,8566
75,61,106,12,16,100,2750,116,18,64,351,101,110,270,797,83,193,33,269,159,343,398,41,159,90,95,146,93,45,123,141,82,7440
80,73,80,22,19,80,2450,105,27,56,323,96,106,259,748,71,211,32,236,223,261,315,28,147,77,91,145,108,46,104,103,78,6800
70,68,87,14,13,111,2433,97,19,46,369,100,98,226,704,76,206,36,243,158,301,344,42,148,86,78,158,92,52,100,95,62,6732
70,65,69,20,15,113,2554,99,26,49,356,102,89,195,764,84,215,18,213,206,293,289,38,124,88,85,120,84,60,105,150,60,6818
15,24,33,4,3,38,1535,36,12,12,170,35,50,65,337,55,58,10,94,107,203,161,16,86,40,47,64,38,22,60,55,24,3509
16,24,23,8,4,42,536,34,9,12,111,39,53,79,267,48,57,7,66,53,146,151,21,35,28,41,22,32,18,56,44,14,2096
95,80,93,25,24,148,2994,110,17,82,393,127,124,270,1044,82,353,25,254,239,357,437,54,211,91,106,221,109,54,153,139,93,8604
76,79,70,19,16,82,2630,90,17,60,306,117,104,186,806,95,157,24,208,205,257,297,46,174,76,111,141,100,53,93,131,79,6905
63,73,62,19,28,121,2488,103,22,54,265,107,100,199,779,73,108,12,188,150,279,318,33,148,72,94,158,96,51,98,112,55,6528
68,69,86,22,14,96,2330,90,19,61,244,105,73,169,660,80,226,16,181,150,279,307,42,122,67,116,147,79,41,114,129,81,6283
54,61,61,31,18,103,2228,72,12,44,278,94,88,151,707,81,143,25,179,120,230,296,34,113,79,117,183,70,48,110,102,58,5990
19,20,28,8,4,52,1274,34,13,17,122,44,42,53,288,29,61,12,90,91,163,122,19,101,46,69,66,47,24,51,38,19,3066
19,26,19,6,10,39,506,27,10,17,81,40,45,64,243,34,75,9,64,64,117,124,14,47,35,54,27,31,11,52,41,49,2000
89,68,82,29,24,155,2474,77,28,79,287,124,97,179,822,92,291,24,192,158,297,333,37,151,96,112,177,109,56,119,108,78,7044
45,63,65,18,15,118,2118,71,24,59,208,104,66,157,691,70,246,20,168,182,258,286,31,106,74,145,162,80,28,93,99,56,5926
66,43,51,18,42,123,1784,74,15,50,233,70,79,128,588,60,222,22,162,150,217,331,39,125,79,131,158,82,49,99,111,74,5475
64,51,70,14,23,108,1872,47,10,38,247,83,74,127,561,47,170,20,187,149,236,273,34,92,69,114,140,60,69,104,101,41,5295
50,30,54,13,15,95,1904,52,19,61,225,87,67,119,559,66,205,18,140,96,260,233,40,122,55,123,139,82,60,75,92,29,5185
10,12,28,9,10,54,1049,20,7,8,121,37,33,53,267,24,46,10,61,51,170,137,24,87,39,52,69,32,41,50,43,15,2669
11,10,21,3,10,43,455,16,10,9,59,27,20,39,156,23,42,15,46,44,104,111,17,36,21,41,28,25,30,45,29,13,1559
18,18,18,8,8,46,547,22,14,24,114,43,42,55,180,47,70,4,70,86,138,122,35,72,43,47,50,36,41,68,33,23,2142
98,52,101,22,22,148,2398,58,23,86,327,85,88,188,762,82,165,23,192,112,267,284,62,125,95,152,169,92,86,124,117,75,6680
46,33,67,27,13,114,1954,64,15,65,224,95,68,121,577,72,128,18,136,105,212,235,35,117,85,96,130,68,42,100,108,44,5214
46,49,73,11,19,121,1837,42,16,59,214,93,73,124,529,72,125,14,102,119,235,199,43,94,81,98,145,60,47,64,95,60,4959
45,24,105,12,19,122,1614,35,22,47,200,85,83,132,521,78,127,13,100,157,209,210,37,95,79,94,131,67,49,74,90,31,4707
74,18,33,3,3,68,963,16,8,8,81,28,29,50,214,28,51,14,51,80,144,110,30,40,34,55,46,34,24,38,43,19,2437
15,12,24,7,12,58,351,11,6,16,68,35,28,42,187,26,33,5,27,36,123,94,22,33,29,55,28,15,28,47,39,30,1542
48,78,109,13,14,206,1980,67,11,62,306,90,92,151,651,72,156,19,112,95,243,249,63,114,104,129,191,73,83,114,100,60,5855
47,56,117,17,19,170,1829,80,10,50,221,90,64,107,555,74,104,10,106,116,204,223,56,86,75,110,131,59,73,109,84,62,5114
33,51,76,24,11,180,1531,36,12,55,200,94,71,101,505,84,104,17,73,91,185,177,45,91,77,126,129,63,61,98,82,47,4530
46,58,100,21,13,199,1529,39,12,43,243,69,67,111,487,66,79,8,93,113,176,199,36,81,68,108,108,58,61,83,87,50,4511
34,42,81,10,17,177,1385,67,6,34,219,57,52,89,423,55,92,5,110,78,182,152,49,80,74,124,130,55,31,60,76,45,4091
67,16,56,12,10,64,911,16,8,14,61,24,19,50,191,42,39,4,39,65,123,79,29,49,28,43,49,19,13,40,25,35,2240
14,10,19,3,3,46,329,24,11,17,83,31,27,45,120,23,30,5,31,35,90,53,21,38,25,37,21,23,14,27,28,20,1303
63,64,78,33,16,236,1657,57,18,53,233,93,86,136,582,78,122,15,148,117,214,186,39,116,106,145,165,70,40,68,92,73,5199
48,45,84,22,18,196,1544,53,9,47,119,92,63,102,457,82,118,13,108,88,190,111,48,84,63,106,163,62,30,65,77,37,4344
41,48,77,11,19,180,1418,36,5,25,105,74,52,98,400,90,66,6,106,85,144,181,46,96,80,99,111,58,28,74,77,40,3976
18,32,67,9,11,83,592,18,8,23,86,49,46,51,168,26,37,10,52,64,128,105,30,58,32,38,58,21,18,39,73,31,2081
9,21,30,7,3,83,447,16,9,7,67,59,28,51,154,38,52,10,39,37,99,66,26,52,28,52,40,32,41,31,30,15,1679
15,11,42,8,2,121,332,16,4,16,79,30,25,54,150,22,25,5,47,58,98,78,30,50,30,39,62,38,18,38,41,12,1596
15,14,27,11,6,99,290,18,4,9,65,25,34,59,129,30,24,10,26,35,97,73,35,26,32,50,62,29,15,28,28,17,1422
71,64,122,10,25,323,1636,71,18,93,190,108,95,133,627,122,111,23,131,99,202,242,70,112,96,141,193,86,55,78,109,35,5491
51,34,89,12,19,310,1422,36,11,66,131,93,77,150,448,91,90,26,105,90,159,217,61,115,84,100,140,78,56,81,103,37,4582
44,44,96,22,36,295,1370,37,26,61,145,61,79,107,378,90,94,20,101,72,163,176,58,119,88,114,135,75,41,81,66,46,4340
33,44,71,10,30,275,1253,31,17,57,110,89,53,114,416,73,96,24,118,66,171,160,61,101,73,126,153,56,40,82,101,59,4163
55,42,68,12,24,239,1293,43,14,48,109,103,57,118,425,59,59,18,79,52,166,138,68,94,65,117,132,80,20,66,57,42,3962
19,17,50,3,12,90,826,10,11,25,54,31,48,62,216,39,31,13,35,38,102,84,47,87,40,58,48,29,12,25,31,22,2215
27,7,14,7,7,81,239,13,7,11,41,24,30,50,138,29,24,12,26,18,77,49,31,31,29,23,39,29,15,28,24,22,1202
61,53,104,19,19,310,1443,77,19,57,174,112,72,128,504,93,145,19,125,98,184,166,81,112,86,147,203,87,38,75,90,56,4957
33,43,75,15,17,310,1288,48,18,61,112,104,77,97,429,67,60,19,111,72,150,142,61,109,67,111,110,79,34,69,93,41,4122
43,45,89,9,11,274,1187,31,20,33,101,76,83,98,330,67,94,18,80,67,146,106,83,80,53,76,177,68,36,63,71,30,3745
44,36,76,14,21,224,1195,35,25,59,82,79,49,92,346,69,73,15,93,67,147,117,72,94,39,104,126,81,23,71,78,48,3694
33,37,51,13,16,230,993,62,20,36,56,76,76,88,301,46,101,17,82,52,115,112,69,80,41,85,111,75,35,49,67,40,3265
5,7,43,2,8,74,607,21,14,15,28,18,35,39,153,27,23,7,37,39,84,45,60,36,22,46,50,22,8,50,27,18,1670
8,14,26,3,8,62,221,15,11,12,25,34,26,36,101,30,23,6,16,20,65,45,58,26,24,45,32,26,4,25,37,17,1101
46,69,92,50,23,292,1196,39,16,56,115,75,78,115,349,76,125,28,84,69,143,145,95,88,72,101,228,95,39,89,86,56,4230
23,46,63,6,10,284,1078,34,10,45,85,75,54,105,333,65,107,16,86,40,123,139,85,67,58,83,132,81,32,69,80,39,3553
27,27,74,14,16,260,1082,29,20,33,98,58,62,85,283,57,84,11,61,50,132,138,103,84,56,123,176,89,34,59,72,28,3525
34,46,63,20,21,198,900,32,13,53,87,80,44,77,255,61,111,20,73,59,113,101,72,79,69,81,142,77,24,67,64,29,3165
28,41,66,14,21,199,868,29,12,33,81,70,45,81,221,52,108,17,104,56,104,109,80,76,51,96,147,56,27,85,82,42,3101
15,21,32,6,9,89,567,12,24,9,49,31,19,35,162,24,24,7,41,30,67,51,62,48,34,43,79,38,21,34,28,22,1733
19,24,27,7,3,86,176,10,21,13,35,18,19,30,88,17,26,4,25,24,56,44,44,19,19,39,53,33,5,31,25,15,1055
32,70,63,13,31,296,1003,36,16,44,135,82,52,122,346,67,138,21,92,77,127,133,107,79,75,116,177,98,25,64,81,54,3872
33,37,72,22,25,213,977,33,26,44,88,67,39,84,265,58,147,12,89,51,100,94,122,60,49,88,191,101,25,63,84,47,3406
37,39,69,35,15,183,884,34,21,25,80,71,39,87,243,59,117,20,74,67,98,94,104,71,44,58,136,80,24,47,103,34,3092
29,37,71,30,12,167,786,41,18,36,67,76,38,75,288,72,108,15,74,43,87,72,103,60,42,61,123,90,16,43,90,47,2917
23,36,55,33,17,132,752,36,24,19,47,58,34,54,183,41,132,27,62,59,102,84,113,38,31,62,156,85,13,50,81,37,2676
4,12,25,4,5,69,222,14,9,8,25,33,13,22,85,22,18,10,23,31,43,13,59,27,10,35,49,32,3,23,30,19,997
8,18,24,9,5,54,187,9,14,10,29,21,12,24,69,21,21,15,27,17,40,21,62,25,15,37,47,34,13,15,27,21,951
29,65,72,42,22,192,796,42,24,39,67,85,38,100,252,57,114,19,101,52,129,129,141,51,61,83,229,136,23,69,96,51,3406
21,45,60,17,16,180,620,39,24,32,53,84,24,75,235,62,117,20,90,36,97,89,139,69,46,87,175,122,13,58,95,42,2882
20,45,54,14,21,148,674,29,35,18,47,72,24,90,181,58,75,17,93,85,79,54,123,56,45,54,81,102,16,44,55,40,2549
35,46,63,30,23,154,601,36,28,32,90,98,37,86,169,52,97,24,74,57,75,61,114,71,27,70,185,111,14,55,98,36,2749
19,67,61,17,13,111,618,27,18,28,52,55,32,55,166,57,99,18,101,53,43,48,120,67,34,63,140,103,10,41,72,37,2445
18,24,28,8,3,48,380,23,19,5,20,33,11,32,59,26,14,5,46,39,54,19,75,37,22,39,60,46,5,31,17,25,1271
11,20,24,1,4,38,90,8,16,2,27,20,10,30,63,3,16,3,28,16,35,21,71,20,10,30,46,41,3,33,29,12,781
10,44,44,16,7,99,356,19,23,11,30,60,9,41,117,32,48,13,62,32,37,37,94,54,28,44,131,101,11,37,46,25,1718
35,112,78,21,25,177,688,40,27,45,54,93,22,94,230,63,76,16,97,47,66,77,149,54,69,93,167,167,13,64,115,38,3112
17,60,54,23,16,137,614,27,29,24,51,77,21,64,160,41,73,9,87,43,55,48,179,52,44,83,169,123,5,78,81,32,2576
23,66,49,29,19,108,506,34,34,35,52,40,14,51,154,38,58,8,78,26,62,40,173,58,40,55,162,113,15,53,88,27,2308
25,57,76,16,16,85,605,19,21,24,43,45,14,47,197,34,54,20,94,30,60,58,156,47,35,70,162,126,9,62,83,32,2422
3,10,23,18,7,38,306,11,12,8,32,17,6,22,136,19,8,8,53,25,33,12,76,31,25,37,58,64,15,38,51,5,1207
6,17,16,14,6,39,109,6,12,5,13,12,17,17,75,20,9,3,20,10,20,7,69,17,21,40,32,42,4,33,37,7,755
20,65,71,33,22,132,605,34,21,42,68,39,17,70,170,52,45,21,126,43,63,40,177,70,58,82,207,179,19,68,113,31,2803
13,61,77,30,25,97,613,26,18,28,38,45,18,55,142,34,25,26,83,45,72,32,160,48,54,93,158,142,15,82,128,32,2515
13,45,73,44,12,99,531,23,21,27,61,61,17,66,137,20,28,24,91,44,51,33,171,34,64,76,214,109,12,79,111,26,2417
15,53,72,36,11,93,551,28,34,17,37,48,24,35,170,32,27,14,96,32,53,25,144,30,71,62,179,117,17,87,111,20,2341
15,46,111,33,19,72,586,26,17,25,29,54,24,52,118,24,24,15,126,24,42,32,156,49,44,57,157,111,15,66,115,25,2309
2,17,43,13,6,22,301,4,16,2,34,6,8,19,134,12,4,11,30,18,34,18,94,20,17,37,85,62,6,26,35,14,1150
5,14,33,20,11,12,120,6,14,2,18,13,16,25,49,17,8,6,26,15,19,11,69,10,21,26,48,64,19,23,49,12,801
16,67,131,29,25,93,630,41,17,25,47,57,29,72,187,33,32,21,144,46,48,35,200,58,71,118,221,146,14,93,125,23,2894
11,44,106,34,14,64,669,28,16,29,30,49,24,65,147,16,25,12,137,45,58,42,168,40,81,94,188,149,11,81,147,18,2642
13,40,135,26,17,79,656,32,12,22,36,45,20,44,134,19,32,13,77,51,41,38,170,45,67,87,189,147,11,98,160,18,2574
12,50,88,32,35,68,546,30,23,33,37,46,37,60,133,26,16,9,125,24,46,40,164,41,44,93,159,158,15,76,192,11,2469
11,48,123,26,18,38,642,24,14,20,18,31,25,43,137,25,27,8,106,35,40,19,141,51,76,77,202,129,14,73,192,6,2439
5,20,47,13,14,21,285,11,22,4,11,5,11,15,72,14,5,6,42,24,30,9,101,20,19,40,109,59,5,35,64,5,1143
4,13,56,14,6,24,112,7,19,16,10,6,7,23,83,16,10,14,33,13,18,7,86,16,19,30,101,47,3,42,74,3,932
9,89,154,41,33,64,636,18,23,23,43,37,30,65,170,16,20,19,122,28,44,34,219,51,85,100,300,183,9,117,233,15,3030
11,55,155,43,11,54,677,29,17,19,29,33,22,47,153,23,21,12,100,23,37,21,206,51,69,113,211,186,10,99,231,12,2780
9,59,167,53,29,60,683,28,29,17,41,27,12,67,138,14,8,17,88,20,47,15,187,41,64,95,254,173,7,100,221,15,2785
12,36,132,27,24,57,598,20,9,12,41,18,14,69,129,16,15,11,111,31,31,24,186,32,71,109,266,179,9,96,239,13,2637
9,43,171,32,29,49,637,26,16,9,27,16,25,46,142,15,17,14,134,25,44,21,186,46,67,115,228,169,12,130,246,8,2754
8,21,81,20,13,25,313,13,8,5,18,16,18,15,87,6,6,7,57,16,21,5,125,20,30,61,139,82,1,44,70,5,1356
3,10,50,10,9,9,106,8,10,6,12,15,17,27,60,4,7,1,37,18,15,7,94,16,15,24,64,71,1,50,62,1,839
11,53,255,42,37,55,841,36,20,28,30,29,22,63,178,19,11,21,161,59,36,30,198,49,134,161,377,218,5,139,338,13,3669
13,42,254,45,41,50,887,37,11,17,51,31,22,46,196,16,11,19,133,45,44,30,246,47,106,161,337,203,9,111,292,14,3567
5,34,251,59,20,56,891,35,17,46,42,21,18,42,198,14,11,20,103,29,32,9,205,37,85,139,283,242,2,124,284,9,3363
21,22,296,42,24,50,788,33,13,18,38,23,17,49,153,16,11,13,130,39,24,17,217,30,99,168,241,226,3,113,294,15,3243
5,55,266,47,36,35,796,22,14,51,33,25,21,51,163,18,14,28,119,23,42,13,163,49,102,155,287,231,4,102,266,10,3246
0,10,149,25,22,14,449,8,15,8,18,14,7,30,132,8,6,8,37,25,25,4,116,16,55,64,196,92,3,66,86,4,1712
1,16,135,28,20,18,149,8,3,3,16,9,8,18,57,5,5,5,25,14,22,8,79,14,32,51,134,77,0,58,76,5,1099
11,68,405,81,51,54,956,33,7,25,50,25,26,74,221,8,17,26,134,63,30,22,189,42,162,211,387,273,6,146,332,15,4150
10,54,395,58,34,49,966,33,11,18,27,18,13,42,202,11,21,28,125,27,28,22,183,45,146,191,339,308,13,117,299,13,3846
4,68,466,88,30,28,998,36,19,22,39,23,27,35,198,16,13,14,137,42,42,21,227,36,151,169,341,227,2,123,266,8,3916
8,51,409,76,39,21,1053,33,19,18,22,25,17,48,221,20,12,19,120,42,37,19,168,57,127,193,346,268,3,135,276,7,3909
5,28,402,60,42,32,1086,35,9,11,30,15,22,69,222,13,11,28,107,37,31,16,228,40,152,184,307,288,1,140,285,5,3941
1,8,186,29,25,12,612,12,6,2,7,5,12,18,103,7,1,12,60,52,20,12,140,24,70,89,243,117,2,72,97,4,2060
4,19,110,37,17,8,217,14,3,2,6,7,6,38,64,5,5,2,40,16,18,10,134,17,41,61,110,109,2,62,89,2,1275
10,69,490,94,47,40,1330,37,17,23,45,40,21,91,335,28,23,32,179,33,42,16,248,69,209,296,415,336,11,230,373,14,5243
12,56,413,88,47,34,1492,25,14,21,44,32,26,74,320,14,7,19,124,60,43,29,311,59,210,216,386,332,2,209,400,15,5134
7,49,407,99,48,27,1511,26,29,27,45,33,18,88,333,27,7,18,174,93,36,30,289,44,182,253,374,348,10,226,373,17,5248
8,46,374,111,51,41,1581,29,23,23,35,39,43,90,331,23,13,22,158,84,43,17,308,54,218,242,372,292,7,230,330,11,5249
6,53,442,90,40,31,1529,29,18,11,20,43,41,114,384,17,8,30,150,96,38,26,288,63,194,207,398,263,5,232,307,2,5175
2,18,234,37,14,14,988,12,6,5,8,16,12,45,223,11,9,10,69,51,29,21,153,26,80,108,186,133,3,106,109,6,2744
2,20,96,33,28,5,382,8,7,5,7,25,14,40,87,17,5,9,48,36,21,11,151,9,76,105,142,103,3,93,98,3,1689
13,74,577,131,56,43,1951,36,21,31,74,67,40,160,483,43,17,40,239,126,48,34,340,49,292,296,471,359,4,347,411,14,6887
19,54,442,88,51,37,1917,40,30,31,55,69,42,144,494,34,24,60,209,104,39,28,289,68,288,287,441,304,8,311,320,22,6349
15,58,393,85,46,42,1943,51,31,31,44,70,42,142,485,35,19,40,211,110,39,61,285,53,296,223,371,297,10,311,329,9,6177
10,46,344,89,35,37,2225,28,21,24,63,75,35,162,503,35,26,46,242,125,61,63,263,62,322,258,356,267,7,320,260,6,6416
7,50,356,68,44,56,2317,35,20,30,65,89,49,130,635,42,10,63,221,152,47,60,328,57,331,223,335,269,12,311,247,3,6662
2,16,186,42,20,14,1383,19,5,7,37,37,27,70,264,30,7,36,127,76,29,16,202,28,145,121,126,125,2,165,89,6,3459
5,16,136,34,12,17,542,6,10,7,24,73,23,79,174,16,8,21,72,86,29,25,167,22,143,68,116,90,4,147,70,12,2254
15,70,437,119,53,62,3053,64,41,50,94,238,102,318,797,60,32,85,334,188,95,115,338,65,474,273,397,332,5,474,351,30,9161
17,68,441,113,52,54,3166,59,41,45,150,221,82,354,848,57,27,104,316,186,61,108,343,73,500,275,319,281,9,477,319,31,9197
13,69,419,130,63,97,3494,59,41,48,164,292,115,366,875,66,51,106,339,171,87,106,390,87,537,255,350,280,13,475,326,25,9909
20,41,354,72,56,85,3523,67,44,50,115,333,110,377,910,81,63,118,338,173,121,114,401,89,598,233,323,250,16,498,288,48,9909
19,54,370,78,61,73,3443,107,36,50,146,317,110,425,1074,65,96,115,401,193,125,92,339,78,685,308,357,265,22,537,290,45,10376
4,23,195,38,36,32,2087,44,24,6,83,227,51,145,350,33,11,55,168,161,87,24,234,44,333,154,156,125,11,256,91,10,5298
5,16,113,30,33,22,956,17,20,6,76,147,56,174,233,47,21,55,94,134,60,46,170,34,256,141,90,113,6,237,79,10,3497
33,56,471,121,83,114,4405,137,77,95,224,496,153,650,1422,189,129,138,592,275,144,159,402,152,822,393,395,323,45,643,368,60,13766
49,66,414,92,114,121,4672,110,98,86,292,481,187,686,1400,164,83,159,536,283,138,161,421,159,766,366,393,293,21,580,317,58,13766
40,63,299,119,92,92,4656,133,102,114,229,473,154,709,1351,141,83,246,644,317,173,178,400,133,773,409,376,269,43,548,286,67,13712
33,72,301,108,104,95,4159,137,110,89,227,595,192,757,1340,168,98,244,635,276,153,187,441,197,686,354,384,268,38,548,296,84,13376
58,91,282,94,113,84,4272,130,115,129,223,590,185,729,1613,201,142,260,638,353,139,202,398,187,721,379,390,265,37,580,256,50,13906
14,26,137,26,59,39,2501,60,54,29,193,246,118,319,540,70,26,104,265,233,114,67,268,80,335,184,187,121,16,340,90,19,6880
9,16,135,34,52,38,1030,46,70,39,150,278,96,258,344,61,22,114,216,190,83,72,191,54,262,142,133,90,15,295,88,32,4655
75,90,372,116,118,134,5324,210,155,126,294,877,271,1090,1944,216,197,408,841,479,237,251,440,280,781,453,487,350,49,788,347,141,17941
72,91,311,106,144,140,5420,198,186,154,272,895,243,1210,1978,227,203,416,802,454,240,256,503,251,798,394,386,318,61,830,315,178,18052
65,75,292,102,149,142,5108,185,211,149,396,861,249,1167,1960,218,221,393,809,462,239,246,459,352,721,381,484,262,82,857,275,129,17701
65,92,278,119,124,126,5418,186,211,143,295,962,267,1145,2155,300,277,464,903,504,254,282,427,366,802,411,511,262,62,767,252,143,18573
62,100,278,102,204,151,4690,202,243,173,340,686,276,1073,2057,271,258,536,922,485,274,304,448,391,784,372,455,251,56,911,271,133,17759
14,41,111,54,94,52,2868,87,133,54,244,243,158,494,677,105,37,218,390,297,211,67,286,183,285,197,272,128,38,502,76,55,8671
11,35,85,41,54,29,1339,52,99,42,170,418,165,430,553,112,44,215,296,218,178,66,233,91,313,172,173,126,29,432,82,28,6331
120,120,350,148,196,142,5849,268,298,231,554,865,370,1528,2576,395,387,559,1171,572,372,379,497,543,895,556,599,355,69,970,329,154,22417
122,110,292,137,191,152,5488,270,332,237,467,885,363,1488,2393,359,332,564,1335,652,367,343,510,527,812,496,611,395,98,996,284,181,21789
93,116,290,151,164,131,5221,314,356,248,337,817,349,1430,2062,319,350,449,1152,579,323,381,498,571,638,520,657,408,100,907,232,176,20339
101,114,266,154,197,146,5598,273,379,289,363,974,315,1389,2318,368,339,409,1084,535,398,355,491,512,583,531,660,320,125,915,218,220,20939
93,115,259,120,190,102,4884,316,359,228,389,883,324,1294,2087,357,357,346,1234,512,394,339,445,562,630,435,606,337,113,941,256,175,19682
14,29,96,61,103,34,2901,145,155,54,173,366,189,423,814,150,56,182,462,298,250,118,312,321,262,225,289,135,28,471,98,66,9280
43,32,62,51,88,60,1271,89,188,57,175,399,166,399,596,214,71,179,424,275,224,133,246,178,280,193,269,155,59,456,63,61,7156
170,137,276,197,201,134,5522,366,336,376,553,883,407,1462,2508,367,190,546,1629,600,503,431,495,771,591,525,821,532,120,1060,338,183,23230
151,122,244,161,208,134,5245,361,363,319,499,980,374,1368,2330,461,123,613,1489,591,485,479,574,779,542,528,835,506,122,1011,264,205,22466
146,142,188,146,212,121,4949,322,366,302,542,732,428,1359,2196,517,168,507,1489,519,527,452,456,728,479,470,828,484,129,1033,260,186,21383
87,139,186,179,176,121,5028,335,418,260,477,875,415,1270,2132,453,146,518,1585,657,601,414,536,736,451,453,807,507,126,991,239,216,21534
104,149,214,159,187,133,4667,322,399,424,507,801,433,1110,2153,458,204,451,1484,485,553,434,440,792,419,473,773,532,141,1042,257,185,20885
43,45,75,87,105,54,2884,194,168,67,243,238,177,404,731,166,57,167,538,327,334,161,321,481,264,242,412,209,93,555,88,50,9980
30,45,41,66,91,28,1355,148,223,47,221,415,174,450,547,169,60,228,454,234,285,141,230,237,181,218,295,187,65,455,71,70,7461
157,188,228,225,216,178,5255,428,420,392,654,871,506,1571,2377,528,287,609,1891,635,685,620,544,939,519,489,1170,679,176,1184,354,280,25255
135,158,169,223,203,133,5298,467,465,377,695,738,484,1404,2329,535,252,492,1848,608,652,538,473,877,422,518,1149,703,161,1133,318,371,24328
115,156,165,212,197,120,5003,416,465,329,653,657,424,1341,2064,490,254,507,1643,528,689,551,439,955,360,514,1177,625,157,1020,298,251,22775
128,200,133,182,177,94,4555,376,455,348,737,650,530,1393,1951,523,232,445,1572,504,654,554,393,866,322,527,1187,505,184,1013,299,228,21917
123,163,163,260,199,69,4304,362,410,350,658,598,401,1166,1890,504,185,391,1697,480,711,460,420,953,312,455,1070,592,166,1072,299,211,21094
30,51,80,90,93,25,2079,169,180,61,310,274,189,404,639,167,61,178,514,329,446,171,230,517,124,207,563,261,93,580,112,85,9312
22,48,34,110,68,26,917,125,242,70,210,206,237,379,444,190,88,172,418,176,377,110,174,283,105,192,393,200,92,400,69,74,6651
166,253,210,293,215,120,4271,459,489,337,925,694,547,1459,2121,525,253,452,1888,556,690,612,475,940,335,529,1415,722,191,1066,404,316,23928
178,189,157,255,222,101,4034,457,450,305,757,556,471,1113,1814,493,203,385,1728,510,790,566,362,948,297,549,1237,634,162,1036,376,234,21569
149,203,175,313,179,90,3839,356,436,302,702,467,450,1157,1588,481,278,298,1658,494,754,569,344,891,268,461,1223,651,204,1015,333,218,20546
142,197,127,211,184,91,3388,376,415,213,747,482,457,1034,1620,450,241,302,1397,530,723,555,215,805,252,428,1049,538,202,821,137,182,18511
129,175,120,176,154,93,3345,351,404,228,692,437,383,895,1450,438,157,276,1401,442,669,517,267,769,251,434,913,586,192,808,348,170,17670
33,55,58,74,93,54,1463,189,178,46,257,171,140,361,484,173,79,120,443,241,281,155,202,327,135,205,537,229,96,434,123,60,7496
26,66,40,104,63,29,799,130,215,47,242,115,158,333,361,119,73,129,330,257,247,108,173,181,90,165,405,193,83,407,96,47,5831
211,268,178,290,207,104,3476,354,407,246,841,461,441,1238,1749,464,278,312,1587,454,726,603,337,805,292,568,1509,678,175,987,418,237,20901
126,193,117,241,170,99,3281,315,398,213,772,387,386,1066,1442,414,226,276,1428,473,663,550,301,657,239,460,1215,604,190,802,360,174,18238
142,212,128,224,129,94,2955,390,367,197,723,361,361,1001,1224,395,214,226,1245,374,642,485,300,655,203,455,1032,647,161,763,362,173,16840
119,178,141,179,121,86,2903,316,352,172,708,359,301,927,1146,341,169,234,1218,320,655,485,207,551,187,366,1081,512,183,690,346,139,15692
129,139,97,157,121,55,2902,291,306,208,675,186,295,851,1179,314,213,248,1148,265,604,467,200,569,196,403,1070,502,138,683,323,163,15097
23,60,36,90,62,28,1531,133,125,24,268,109,138,315,444,129,71,82,363,177,312,131,119,313,118,143,463,234,96,404,128,51,6720
33,34,31,64,54,23,589,99,139,33,315,106,141,234,279,109,55,61,282,136,260,122,126,150,50,122,256,189,50,303,80,33,4558
184,195,152,233,138,111,2950,396,321,220,995,228,355,1051,1215,384,207,242,1421,348,562,520,238,590,118,464,1293,600,161,744,373,165,17174
116,125,95,212,128,90,2434,362,280,196,824,220,340,991,989,344,153,200,1153,419,608,467,225,522,172,350,1213,541,171,648,408,140,15136
98,138,90,191,121,80,2295,346,319,193,719,281,294,863,863,304,166,216,1034,387,548,448,200,485,161,381,1117,566,143,648,377,113,14185
150,144,93,171,104,100,2282,356,252,180,744,221,272,889,854,322,143,159,820,351,519,408,163,434,152,363,958,495,162,636,325,134,13356
124,131,57,101,109,79,2326,331,264,155,623,232,246,797,889,275,142,175,790,321,573,405,165,409,160,339,957,503,142,617,346,115,12898
35,48,34,65,61,35,1245,147,137,52,277,86,110,285,450,120,64,88,240,195,262,147,89,235,76,93,537,215,90,387,116,52,6073
21,50,21,62,44,22,564,120,127,33,217,76,103,263,258,114,84,57,182,109,186,108,78,85,45,90,200,167,68,283,77,28,3942
106,171,86,185,142,108,2457,351,271,189,916,255,311,1078,1164,354,228,189,962,361,658,485,191,495,161,339,1168,585,189,676,439,133,15403
113,145,79,161,134,86,1977,375,238,157,713,180,230,905,1032,303,169,183,878,321,570,343,150,372,163,301,987,479,148,541,297,93,12823
89,151,69,134,89,84,1754,290,247,139,642,155,179,813,881,321,214,124,787,257,519,363,157,378,136,285,905,496,150,502,339,92,11741
92,137,66,133,98,71,1890,234,206,149,665,153,206,787,948,245,174,128,698,257,560,347,121,339,137,287,790,414,118,503,353,95,11401
110,109,47,92,98,70,1846,241,223,122,694,178,157,766,945,259,186,106,664,232,462,265,139,372,104,282,821,384,119,451,334,84,10962
30,48,23,41,47,20,988,95,102,22,365,85,77,216,383,106,89,62,228,176,243,122,67,173,66,114,290,149,59,235,95,25,4841
19,44,25,32,36,20,483,77,153,26,258,58,86,253,295,100,84,65,183,98,167,102,59,98,36,91,125,123,43,148,92,43,3522
144,205,79,118,113,134,1913,295,203,142,906,143,257,929,1064,298,306,173,853,304,507,334,173,411,169,311,982,428,138,430,439,94,12995
113,121,83,69,99,82,1743,216,226,138,836,131,204,718,906,237,197,125,690,243,444,280,135,333,128,313,783,340,101,342,367,105,10848
41,72,59,49,45,75,1437,150,136,56,575,105,133,363,410,140,144,78,329,169,277,188,80,211,66,203,716,249,55,263,139,47,7060
28,47,17,48,28,27,300,89,95,24,277,54,95,248,219,101,58,66,177,167,248,90,56,119,52,78,253,124,39,194,124,27,3569
125,176,54,95,86,92,1714,226,240,144,689,83,161,778,1067,229,122,116,707,234,418,281,146,304,138,277,749,346,103,345,425,62,10732
27,59,25,32,30,24,934,95,79,24,301,44,100,217,376,108,53,56,168,136,209,105,61,120,43,78,274,115,50,171,143,14,4271
30,55,15,43,22,20,392,53,94,27,234,33,81,164,250,73,75,41,158,101,186,71,48,81,30,52,147,95,34,165,78,21,2969
129,260,52,125,106,113,1945,256,224,142,826,109,187,823,941,234,121,147,647,276,452,350,126,285,121,266,965,365,107,360,426,71,11557
104,199,30,82,97,81,1540,225,177,93,822,42,157,635,734,172,143,103,547,158,423,285,121,233,127,235,681,260,113,273,349,78,9319
81,191,49,78,73,105,1582,188,174,87,836,63,156,563,673,197,106,90,357,169,419,239,105,285,91,248,700,286,90,233,336,42,8892
99,224,38,72,55,99,1328,143,161,79,790,73,119,433,729,163,98,82,403,148,364,231,83,209,101,159,554,183,77,223,298,58,7876
88,209,51,86,53,105,1309,175,144,98,673,59,114,335,638,143,126,76,391,134,381,179,82,179,90,178,613,204,65,189,265,52,7484
23,53,21,24,25,18,796,87,82,38,225,21,68,118,266,70,40,32,121,96,182,72,46,97,46,61,238,71,36,94,83,14,3264
21,44,8,26,20,21,316,85,51,16,214,25,67,134,204,45,45,38,102,54,174,41,29,60,40,68,106,72,31,96,46,12,2311
133,276,62,75,76,150,1434,207,141,96,821,77,139,404,765,176,152,103,535,136,355,233,91,275,116,172,765,260,81,234,328,82,8950
113,222,42,71,45,87,981,188,83,81,623,63,121,315,546,135,103,62,421,121,297,189,92,185,99,127,532,153,75,173,276,76,6697
84,201,55,60,38,74,879,196,76,58,581,37,93,267,439,122,99,70,355,99,237,201,80,148,76,154,508,193,57,187,251,60,6035
52,185,33,65,33,65,658,148,73,57,528,38,77,219,314,66,58,59,294,81,197,134,62,104,80,136,437,131,51,126,187,45,4793
