AGUASCALIENTES,BAJA CALIFORNIA,BAJA CALIFORNIA SUR,CAMPECHE,CHIAPAS,CHIHUAHUA,DISTRITO FEDERAL,COAHUILA,COLIMA,DURANGO,GUANAJUATO,GUERRERO,HIDALGO,JALISCO,EDO MEXICO,MICHOACAN,MORELOS,NAYARIT,NUEVO LEON,OAXACA,PUEBLA,QUERETARO,QUINTANA ROO,SAN LUIS POTOSI,SINALOA,SONORA,TABASCO,TAMAULIPAS,TLAXCALA,VERACRUZ,YUCATAN,ZACATECAS,NACIONAL
0,69,6,0,4,11,70,23,2,1,1,3,5,3,70,5,3,0,0,1,20,4,24,0,14,1,8,9,5,10,9,0,381
1,33,11,2,2,9,85,23,0,0,2,1,1,8,57,1,9,0,6,0,23,1,13,0,28,3,15,1,1,6,3,1,346
2,43,16,1,5,6,99,28,0,0,5,1,3,10,67,6,1,1,2,3,15,4,14,0,10,2,21,9,0,8,10,0,392
0,29,5,0,1,10,64,11,0,1,3,2,2,2,45,2,4,4,3,3,11,1,10,3,14,7,3,3,2,2,2,1,250
2,21,5,3,1,17,59,4,0,0,4,3,2,2,56,2,3,2,1,2,11,0,11,2,15,2,9,4,6,3,5,1,258
5,80,23,3,5,15,140,28,0,1,11,8,3,4,110,6,9,2,10,5,27,4,35,3,32,12,8,10,8,7,14,1,629
2,44,24,0,2,15,144,9,0,0,6,11,3,6,85,6,7,2,8,0,14,5,24,5,25,15,13,7,7,13,13,0,515
1,63,24,0,6,16,139,19,0,1,9,7,1,9,106,4,11,2,9,5,26,3,29,2,29,16,18,3,6,5,10,2,581
0,61,22,2,3,16,150,7,0,1,2,7,0,5,88,9,8,2,1,1,17,3,11,4,13,7,11,5,1,13,11,2,483
3,58,9,1,3,17,174,16,0,0,3,5,7,8,108,3,5,0,23,3,8,2,23,1,34,8,16,11,6,11,5,0,571
1,36,7,5,1,19,128,9,1,1,7,5,3,5,90,2,2,3,8,2,15,3,20,3,25,6,20,6,8,14,8,2,465
2,53,6,2,0,16,123,8,2,0,2,12,5,5,93,4,4,4,15,2,6,1,23,0,23,5,28,9,3,9,9,1,475
9,87,15,3,6,32,292,16,0,0,3,17,8,10,184,13,9,4,20,5,25,9,23,1,52,20,30,15,7,15,22,0,952
3,119,17,4,6,25,265,18,0,0,4,8,9,4,191,16,14,2,19,4,18,8,17,1,47,6,47,20,7,13,21,1,934
12,110,5,4,6,30,256,18,1,3,13,5,6,11,214,9,11,2,8,7,29,3,21,2,52,15,39,17,5,33,31,6,984
7,97,9,5,3,38,270,6,2,2,14,12,6,11,217,8,9,3,12,5,22,8,31,2,42,17,44,26,9,42,14,4,997
17,112,6,3,10,33,356,12,3,0,30,13,10,14,183,17,13,4,9,8,31,7,34,8,45,15,58,36,6,37,15,2,1147
14,54,3,6,4,33,213,9,1,2,12,9,6,7,178,7,9,3,6,6,24,3,47,1,35,14,49,17,3,21,10,7,813
3,66,9,2,7,37,216,9,1,10,10,6,14,5,183,9,18,2,2,3,20,2,25,1,33,7,42,11,10,20,10,1,794
17,120,7,5,11,57,506,9,1,4,15,17,20,11,294,28,34,1,13,6,32,5,47,1,65,9,74,24,9,36,28,9,1515
13,122,12,7,10,55,486,24,1,4,10,6,13,17,306,13,22,4,18,5,24,2,44,4,47,15,85,19,12,47,21,2,1470
11,104,5,7,11,58,464,14,1,3,13,13,16,25,283,13,35,4,17,9,27,7,36,3,56,23,67,30,8,33,22,2,1420
21,125,9,8,15,71,418,11,3,2,9,19,20,20,308,19,31,6,6,8,32,9,49,5,68,10,63,34,12,53,34,8,1506
11,108,13,4,13,67,570,16,3,2,13,25,20,32,359,24,37,4,7,17,45,11,25,6,72,20,71,28,15,52,37,5,1732
1,73,5,7,9,51,310,6,1,5,11,13,23,10,244,27,15,3,6,8,44,1,32,8,55,9,46,41,20,48,24,4,1160
7,78,7,9,12,40,284,5,0,8,8,18,20,9,266,20,35,6,8,12,25,2,31,3,40,17,41,34,13,32,21,3,1114
18,126,10,9,20,74,547,25,2,5,25,26,25,23,432,32,51,11,20,10,37,3,45,15,87,35,60,30,14,70,45,4,1936
32,113,4,7,10,70,614,20,0,3,18,28,28,14,413,30,32,15,28,18,46,10,44,18,51,29,60,42,24,74,49,10,1954
18,121,4,9,19,78,650,14,0,9,14,32,29,22,391,23,52,7,22,12,52,12,39,9,57,26,49,37,10,78,32,9,1936
27,96,14,8,14,83,608,21,3,2,16,19,31,26,343,26,43,13,29,12,49,6,34,11,59,40,84,19,16,69,60,4,1885
4,101,2,7,18,72,406,15,1,6,14,15,26,15,346,24,36,7,27,15,43,8,32,14,60,37,57,32,9,69,26,7,1551
3,91,8,13,9,64,381,5,0,7,10,41,23,29,291,16,29,15,22,11,43,12,72,14,49,33,52,30,16,68,30,7,1494
5,97,6,14,14,37,346,5,2,7,12,30,27,16,313,27,50,15,9,15,39,5,31,9,34,26,50,25,7,65,32,2,1372
50,144,7,21,31,76,792,26,3,4,33,55,38,31,548,43,60,17,40,24,48,10,36,27,82,69,87,44,25,101,53,8,2633
13,149,12,11,28,101,647,32,4,3,23,38,30,23,422,21,54,23,61,34,37,11,27,16,61,62,72,37,16,111,45,5,2229
17,129,10,19,35,84,742,35,1,5,31,52,41,24,405,36,58,17,27,26,52,9,42,34,86,46,97,49,23,112,33,11,2388
24,128,11,13,35,85,781,23,1,11,37,43,39,51,512,30,50,15,25,25,67,15,41,13,69,48,104,47,17,125,36,9,2530
12,143,9,16,36,73,856,20,2,11,44,41,37,24,493,44,52,6,32,23,56,26,28,26,69,54,83,34,20,112,39,9,2530
0,77,6,15,23,63,451,10,3,2,28,38,27,28,330,45,30,7,28,15,52,26,21,12,53,53,54,30,20,82,20,4,1653
5,72,10,9,21,64,418,15,1,1,23,34,28,22,325,25,38,9,20,29,38,19,23,19,44,30,66,22,17,73,26,3,1549
12,135,7,27,33,83,878,30,2,6,44,52,52,52,687,69,72,20,43,57,79,47,49,31,73,80,118,41,36,143,45,11,3114
42,129,16,23,47,71,881,31,6,12,53,66,58,40,655,59,60,18,36,66,75,34,38,23,89,76,89,52,38,129,52,3,3067
16,131,13,19,68,89,928,16,4,10,41,55,47,30,662,100,64,15,68,69,93,29,27,26,83,114,115,43,42,137,63,13,3230
24,120,8,15,67,89,850,33,12,13,52,79,67,56,620,77,48,19,38,66,109,41,40,35,105,88,128,37,21,178,60,19,3214
25,150,5,18,82,83,1009,38,4,18,36,66,82,68,759,103,58,16,76,80,108,49,22,27,99,106,147,67,37,196,41,8,3683
4,75,11,17,40,61,639,16,3,5,34,55,55,20,422,43,29,3,30,66,81,28,19,26,69,71,85,52,30,136,32,3,2260
7,72,3,15,35,58,417,12,5,9,21,44,27,32,372,27,27,7,12,17,69,17,13,15,67,62,82,19,25,96,49,4,1737
38,219,11,19,96,95,1133,65,7,18,54,133,81,60,787,67,55,18,48,121,133,46,48,34,152,172,124,65,42,170,56,6,4173
19,155,15,22,65,82,1080,52,8,8,69,121,70,79,646,67,59,24,39,77,131,62,37,28,110,157,109,53,51,155,55,0,3705
29,174,17,26,75,89,1092,43,9,23,58,148,78,64,739,102,55,18,61,79,121,42,46,40,127,158,163,65,42,189,59,16,4047
27,238,8,20,104,112,1016,63,4,21,65,139,96,65,727,79,59,19,36,102,150,38,40,37,120,185,144,77,50,183,71,8,4103
24,213,15,26,98,81,971,47,8,24,57,131,81,76,789,96,72,26,52,84,176,39,48,55,145,164,143,92,44,182,63,9,4131
18,69,7,18,55,74,522,43,4,7,53,66,53,44,391,22,33,13,36,85,150,22,40,21,63,137,100,70,28,123,34,11,2412
10,83,9,15,50,33,402,17,7,16,20,75,40,37,430,35,24,8,28,39,84,12,25,21,86,110,85,41,17,109,31,6,2005
43,139,17,35,147,102,1093,60,8,27,120,131,91,99,880,118,81,19,84,107,173,53,49,49,179,242,175,123,59,217,56,13,4789
36,138,14,37,132,75,953,55,7,23,97,115,72,132,746,102,82,30,120,83,162,39,32,39,194,276,208,114,38,201,56,11,4419
37,133,21,30,128,72,1020,75,5,28,107,126,83,149,823,90,52,34,72,92,188,36,43,59,199,239,219,109,41,191,61,4,4566
45,124,18,31,142,58,863,62,7,24,142,117,93,132,739,113,62,33,67,126,164,30,49,38,169,267,221,70,45,180,60,8,4299
44,121,22,20,129,91,978,95,8,34,146,104,74,163,765,127,52,30,71,121,159,38,47,50,195,218,172,85,47,191,47,17,4461
18,86,13,19,72,29,570,42,6,38,99,63,47,132,455,47,27,22,45,117,121,28,26,24,133,150,105,66,40,144,30,7,2821
21,77,8,7,72,39,446,37,4,13,70,90,42,88,393,46,32,11,20,49,65,21,22,18,75,127,74,51,25,119,25,5,2192
65,158,36,39,156,84,1116,110,11,39,184,159,95,238,917,169,67,24,85,155,201,39,45,51,230,247,206,140,65,240,57,16,5444
54,175,17,24,146,87,947,83,12,41,175,114,80,195,868,126,56,43,96,164,178,50,63,54,185,246,160,99,45,189,48,13,4833
61,167,16,19,120,63,1014,77,10,36,181,117,66,203,993,148,60,36,77,149,201,46,44,77,218,257,182,94,59,206,52,16,5065
42,155,22,40,114,51,954,88,8,45,224,131,68,182,850,148,53,27,131,197,215,46,38,79,203,250,190,105,55,239,44,18,5012
63,153,22,41,129,79,978,100,11,85,172,122,66,223,873,132,59,37,150,185,214,36,39,76,230,264,177,115,47,220,34,17,5149
24,111,14,26,72,43,557,46,11,23,129,99,54,106,467,74,27,23,79,160,128,30,24,57,159,170,135,87,34,118,45,14,3146
24,73,20,23,75,29,411,48,4,21,83,72,29,82,481,42,23,17,45,56,100,29,29,49,106,121,110,77,29,108,36,12,2464
79,177,53,44,140,80,1056,152,13,71,198,153,87,269,1118,189,89,42,206,184,312,54,55,116,220,288,293,140,68,227,89,21,6283
62,180,38,60,134,61,1016,135,15,71,234,121,110,253,962,197,55,42,156,160,248,45,51,93,252,303,296,131,58,230,70,29,5868
63,153,48,72,111,73,970,145,12,50,192,147,79,261,967,154,53,33,226,177,252,38,58,84,231,271,318,176,66,232,72,38,5822
73,151,28,75,100,68,896,140,16,62,209,153,74,233,775,173,60,45,206,156,302,32,55,78,240,278,277,134,53,216,84,20,5462
53,116,25,36,111,51,937,152,13,55,216,156,99,198,792,199,60,59,251,156,325,42,51,60,304,277,362,237,54,202,66,25,5740
35,89,22,29,68,26,426,66,11,21,128,86,46,128,419,79,40,26,194,158,189,36,33,31,101,182,180,145,26,145,42,19,3226
23,94,21,21,66,26,359,46,8,19,85,100,44,109,436,49,31,21,103,74,150,23,52,23,92,152,108,121,31,140,59,9,2695
80,186,51,102,94,59,942,180,15,73,348,144,82,240,939,203,66,49,292,197,443,59,92,114,202,300,314,253,63,361,102,37,6682
64,190,30,84,97,83,1002,213,24,93,316,153,73,221,878,197,60,36,219,159,417,43,64,103,214,316,316,299,57,313,99,34,6467
71,150,46,108,108,58,971,179,16,72,335,113,72,225,807,200,50,42,182,194,425,44,65,114,204,334,309,212,76,253,117,20,6172
64,148,48,88,97,65,956,201,16,81,327,113,78,235,785,164,42,48,233,180,522,41,68,93,169,279,325,220,56,274,105,23,6144
71,180,19,99,85,65,897,212,28,53,379,135,89,203,781,243,63,48,209,179,430,28,82,97,175,303,296,223,50,293,112,26,6153
21,92,34,55,52,39,466,121,11,18,197,53,57,153,428,123,25,30,175,142,222,34,38,50,150,203,195,208,34,190,96,11,3723
19,64,18,39,44,27,298,77,17,17,116,76,28,109,316,50,18,33,105,57,173,19,54,41,90,173,107,132,34,156,92,9,2608
73,212,31,108,99,61,899,290,21,76,398,185,75,246,791,219,36,76,301,212,500,50,109,124,223,366,279,341,66,361,145,35,7008
53,196,46,95,84,61,901,327,23,110,409,120,82,237,654,197,46,49,314,191,420,41,92,132,212,369,277,303,85,302,151,30,6609
50,181,53,90,99,66,832,258,21,93,396,95,87,203,719,171,61,48,311,172,374,42,82,119,214,356,288,306,76,296,174,24,6357
65,177,54,93,90,53,855,210,25,70,305,135,85,184,619,155,33,43,314,192,475,39,103,123,143,384,316,386,65,322,190,32,6335
55,180,41,100,89,86,936,242,27,88,378,125,90,233,729,104,38,50,327,188,377,42,137,107,193,348,262,440,91,333,147,31,6614
14,110,45,52,44,38,382,179,17,58,208,146,45,155,331,71,16,45,213,140,207,23,64,95,97,213,201,228,28,190,97,17,3769
10,63,33,50,47,23,338,108,11,39,123,177,42,120,318,31,19,25,177,80,144,25,66,43,87,198,150,170,49,197,72,23,3058
41,207,66,75,71,81,982,342,22,59,412,251,97,204,868,173,54,61,401,197,369,62,175,137,181,407,394,489,88,355,192,43,7556
36,201,58,92,55,95,939,290,23,86,427,254,83,239,653,169,35,57,381,183,367,55,151,142,180,486,409,384,95,379,161,54,7219
80,186,72,71,67,111,1023,317,35,116,416,261,110,218,852,120,42,63,433,227,354,49,128,149,200,444,407,434,81,401,173,45,7685
77,194,71,95,54,97,885,254,18,63,428,299,93,227,692,121,42,53,354,219,291,63,155,155,155,471,419,374,105,357,165,49,7095
72,167,63,61,63,82,951,333,34,70,431,272,78,226,709,129,37,60,352,211,285,33,130,171,166,466,344,392,92,385,196,49,7110
11,73,56,33,42,38,392,203,13,25,226,192,41,149,370,43,15,43,241,172,194,25,76,78,102,223,152,214,29,185,71,23,3750
9,100,49,38,23,43,251,149,15,21,139,158,33,107,289,33,12,18,201,61,143,36,60,58,91,276,140,193,50,208,74,20,3098
95,216,89,80,41,92,1004,322,33,74,486,155,103,251,741,141,45,78,538,265,344,54,194,210,159,583,337,435,74,398,177,57,7871
116,213,112,95,46,93,961,361,36,70,521,153,88,254,641,134,40,65,504,240,361,76,161,196,193,546,385,468,100,449,188,46,7912
50,215,91,96,35,106,962,301,33,78,506,116,90,225,674,124,31,43,456,207,360,61,174,206,178,505,399,417,61,409,188,52,7449
40,166,127,99,32,81,757,304,36,105,519,141,76,213,514,117,39,59,494,171,362,67,171,232,167,440,428,405,85,382,189,36,7054
84,132,117,109,42,133,882,282,60,72,458,138,90,246,717,118,45,79,456,205,335,59,154,273,171,427,348,338,80,332,185,48,7215
18,62,37,54,21,62,426,117,28,31,193,41,49,155,285,74,17,42,323,123,193,50,88,177,99,269,216,238,42,247,94,55,3926
28,78,50,62,28,35,272,86,23,26,172,129,50,128,256,47,22,31,243,67,175,32,78,106,102,213,199,145,34,227,94,34,3272
88,170,128,123,88,130,1083,395,58,105,575,170,122,307,763,148,56,75,587,179,443,85,194,352,196,612,442,436,74,479,214,45,8922
75,180,120,77,106,102,937,368,59,89,564,166,109,320,647,145,43,53,589,210,439,60,188,355,186,493,457,509,103,455,196,59,8459
91,185,133,118,51,116,1231,299,49,86,627,136,110,276,776,138,40,64,582,159,433,94,151,422,173,460,456,479,102,542,204,77,8860
80,161,116,115,58,109,1150,306,72,85,558,171,117,274,650,128,44,66,563,186,414,73,149,366,137,394,409,485,100,417,212,97,8262
78,145,90,100,42,101,1195,301,53,91,448,123,109,278,686,163,43,60,518,180,412,81,139,409,153,416,449,433,101,401,193,58,8049
18,87,64,46,21,53,673,163,41,34,237,115,73,182,334,89,16,52,249,119,207,47,72,217,78,211,236,272,54,256,94,42,4452
13,95,39,51,68,43,276,105,35,17,156,129,57,116,310,52,18,39,194,71,181,33,68,245,61,191,208,229,57,228,86,28,3499
63,167,156,117,53,117,1163,307,63,102,501,241,184,336,849,191,51,79,572,201,497,81,181,420,149,417,451,451,99,517,262,87,9125
74,142,109,107,36,111,1172,328,65,112,657,146,149,313,848,177,41,73,587,178,378,75,153,410,145,292,466,418,82,491,237,85,8657
55,143,115,88,50,134,1216,305,79,94,567,150,131,278,790,168,39,85,518,179,389,76,175,387,130,292,397,401,86,433,259,96,8305
68,124,142,86,28,131,1126,323,72,88,537,222,134,229,625,204,44,68,612,160,374,70,151,400,140,327,429,360,78,411,241,81,8085
71,139,107,85,52,110,1080,346,66,67,514,199,131,223,654,187,37,81,547,169,349,58,154,401,131,358,432,401,94,442,258,87,8030
21,81,66,36,18,54,568,186,37,22,233,101,76,132,306,82,21,31,274,123,247,47,65,246,74,188,214,248,39,216,98,58,4208
20,64,39,24,26,54,270,112,41,39,187,92,73,137,224,70,22,31,135,58,124,40,60,145,79,191,201,98,42,246,93,27,3064
69,152,175,71,48,105,1074,439,50,106,608,201,135,335,757,211,58,84,224,175,450,84,186,401,203,405,469,314,112,472,273,78,8524
63,135,155,83,42,118,1079,389,70,101,642,184,134,245,651,241,51,60,364,151,345,86,146,409,158,442,397,324,90,380,333,128,8196
57,126,116,71,33,117,1089,329,54,90,489,142,121,243,699,212,49,51,293,170,348,83,156,372,152,421,406,351,92,355,297,74,7658
57,133,155,67,21,123,1064,337,63,78,548,197,137,228,639,183,57,54,355,140,359,78,122,301,140,435,342,272,85,327,374,103,7574
69,155,100,61,40,89,947,251,44,86,439,169,133,202,617,183,50,64,341,147,259,79,127,349,106,358,349,211,75,317,233,80,6730
31,72,66,38,23,73,553,230,26,39,171,130,77,147,319,85,21,38,126,80,152,49,66,206,79,173,181,187,44,174,124,49,3829
19,65,41,32,18,42,275,71,33,18,151,64,81,113,240,55,18,28,108,38,110,33,71,126,54,132,125,84,21,173,81,39,2559
71,151,161,53,30,108,880,341,76,109,539,186,151,269,756,205,44,68,373,144,317,96,137,369,169,383,278,322,79,364,210,95,7534
65,148,146,66,39,125,1045,413,73,79,454,223,137,244,681,192,54,65,410,175,299,91,127,330,132,355,259,289,81,309,193,91,7390
49,120,152,51,47,114,1029,356,65,87,383,222,162,279,719,199,33,60,381,145,308,73,111,351,120,387,277,246,75,297,183,85,7166
42,113,123,47,35,101,930,363,69,104,364,162,136,251,583,203,50,50,354,115,331,104,107,341,127,325,287,268,63,259,170,98,6675
41,113,109,27,18,114,1007,347,58,67,434,141,143,249,621,212,48,49,407,100,268,85,99,294,114,314,250,301,61,284,162,89,6626
22,64,82,17,12,75,481,211,33,26,186,65,102,128,278,96,15,44,211,104,177,43,40,181,72,219,111,215,34,127,118,92,3681
20,46,43,16,16,44,202,86,35,22,113,43,71,122,220,71,21,38,164,29,104,36,54,112,62,152,89,118,19,118,96,58,2440
82,180,141,42,29,96,904,391,70,99,439,180,128,270,742,265,57,69,384,131,297,122,142,306,137,315,258,314,85,324,154,110,7263
48,119,121,29,21,130,1049,387,71,125,446,134,139,238,582,263,57,56,371,111,294,92,92,258,119,275,256,335,58,249,180,172,6877
67,113,126,38,19,98,1041,293,79,92,438,107,135,240,637,218,47,73,372,124,266,96,99,279,122,259,196,232,66,259,132,135,6498
56,111,142,38,35,120,1017,309,72,101,454,151,152,242,617,169,48,69,402,135,249,70,75,257,127,244,215,235,73,249,149,68,6451
54,101,131,14,21,115,1048,308,80,92,397,114,127,209,565,216,46,55,354,122,233,103,76,272,117,295,214,227,48,203,179,76,6212
11,41,55,12,9,60,484,216,42,18,170,81,79,122,285,93,22,39,204,94,135,64,47,147,59,104,111,126,34,126,101,63,3254
35,50,47,14,11,40,198,137,42,19,110,47,72,116,178,69,11,25,161,34,86,52,55,156,43,87,84,87,18,112,93,49,2338
99,169,142,31,27,106,1018,291,73,119,368,140,112,313,676,291,56,55,428,123,256,100,108,323,138,287,200,244,75,277,175,80,6900
80,128,138,44,22,103,1198,296,62,117,364,125,104,258,635,249,52,59,389,137,229,85,73,291,134,293,196,232,55,255,223,101,6727
69,123,96,34,21,116,1145,317,75,72,444,141,123,228,506,230,32,50,422,94,215,121,66,282,141,232,251,166,44,218,138,88,6300
64,137,36,25,29,114,980,301,83,104,426,106,140,237,524,248,52,35,397,94,191,93,77,265,124,264,167,192,76,174,175,95,6025
56,99,78,62,36,105,1096,397,70,102,480,90,127,206,618,214,27,47,330,109,194,91,83,289,114,255,188,261,61,173,150,93,6301
31,46,75,14,14,57,518,157,45,35,161,65,73,126,249,85,18,31,232,82,141,53,27,162,53,193,82,94,32,97,63,49,3160
36,46,49,11,9,41,288,107,45,26,152,61,71,111,217,71,8,22,147,29,81,30,39,101,57,71,81,67,18,105,110,45,2352
87,150,142,33,14,123,1105,316,78,135,517,124,163,272,636,301,51,86,429,153,266,136,120,319,117,264,148,186,88,257,185,95,7096
76,109,99,30,23,141,1094,277,84,107,423,145,141,263,646,243,48,52,547,101,223,136,74,269,132,274,188,161,70,235,168,111,6690
78,94,106,21,16,182,1462,334,70,118,472,101,120,286,543,238,43,55,539,101,213,138,85,275,141,291,202,187,67,228,139,87,7032
49,114,121,27,11,129,1279,270,58,106,441,122,112,244,634,221,43,39,536,125,200,113,78,200,113,184,220,168,37,193,251,98,6536
64,110,68,45,8,103,1307,252,61,112,436,132,103,245,583,234,41,31,484,71,206,106,65,210,108,218,206,178,50,175,221,95,6328
44,40,52,8,5,67,748,126,34,21,207,42,72,91,238,91,16,21,244,76,88,84,30,113,66,132,110,78,21,111,49,40,3165
33,38,64,6,7,47,265,54,31,27,157,41,65,117,172,83,9,25,163,23,99,61,48,116,62,54,81,91,20,102,48,32,2241
99,194,129,33,18,137,1073,234,81,139,570,147,118,329,709,306,57,46,428,103,206,144,95,289,138,242,186,250,47,255,173,67,7042
67,187,115,17,21,179,1455,236,53,140,472,158,100,254,633,308,34,61,490,126,194,161,79,245,144,243,208,252,38,250,141,91,7152
66,158,134,28,12,146,1499,202,47,173,384,174,117,274,667,247,31,38,460,90,178,109,67,275,166,156,184,247,40,255,169,124,6917
76,164,113,24,13,118,1380,186,37,108,401,154,90,273,584,267,32,48,471,127,176,111,51,219,88,130,119,245,48,202,165,76,6296
45,125,104,17,15,94,1259,190,43,112,424,165,91,225,587,215,32,30,416,97,167,123,53,202,124,197,148,228,54,201,148,106,6037
21,65,58,3,9,53,672,96,23,26,124,62,45,101,258,106,18,20,180,102,112,57,28,84,41,92,73,119,45,90,66,52,2901
26,38,39,7,7,43,261,96,22,35,141,81,47,110,182,87,6,21,135,26,71,45,27,61,49,56,79,66,26,90,73,39,2092
76,161,135,18,19,141,1007,196,52,125,416,230,105,343,690,259,35,58,441,136,178,112,83,234,118,174,154,223,39,198,185,76,6417
53,127,126,12,15,123,1395,198,47,110,454,181,78,295,677,254,37,44,529,133,156,112,70,200,113,214,134,209,40,224,183,76,6619
63,115,103,11,18,129,1338,163,31,108,391,162,113,278,568,239,34,39,450,151,178,107,48,184,97,207,77,184,27,212,150,78,6053
56,109,83,10,26,108,1238,152,42,101,425,159,81,239,635,261,39,32,330,124,173,67,46,184,98,143,123,160,31,176,145,103,5699
47,112,93,32,10,117,1213,136,48,115,409,184,103,225,582,183,21,28,341,82,126,91,30,204,113,129,124,167,27,185,135,88,5500
18,39,65,11,9,59,749,70,21,19,132,88,48,95,251,77,6,12,177,166,73,36,18,66,54,76,93,77,19,81,68,38,2811
15,33,28,7,4,22,242,69,27,23,121,77,50,126,193,73,13,29,127,35,52,42,15,69,38,63,86,41,18,85,58,36,1917
71,117,99,14,18,126,1005,186,50,98,499,205,107,329,670,249,43,47,498,135,181,103,67,248,137,217,149,169,55,206,98,71,6267
22,53,91,3,13,123,798,121,47,77,261,193,74,187,429,215,27,22,306,147,121,72,41,137,57,137,134,141,36,77,117,88,4367
31,34,55,4,3,76,237,99,24,15,155,69,60,118,192,90,12,19,211,123,75,32,25,69,34,91,51,57,11,92,37,44,2245
86,126,89,10,20,115,1305,198,45,108,309,190,93,331,685,235,39,50,540,158,174,86,57,188,118,177,158,155,56,239,159,109,6408
54,104,114,41,14,159,1175,150,65,119,302,158,92,251,633,177,26,42,439,89,138,75,56,209,120,145,135,139,24,177,119,68,5609
37,40,64,3,9,63,665,88,39,21,110,88,44,120,221,80,12,26,228,116,82,57,35,94,65,94,66,66,20,69,67,33,2822
39,38,19,6,4,66,271,47,36,31,82,49,35,104,220,55,15,21,172,32,56,44,31,64,27,32,54,50,14,80,46,17,1857
76,98,107,22,22,183,999,212,58,151,291,191,122,339,678,234,42,45,535,169,183,118,77,227,131,168,125,191,38,271,140,75,6318
70,105,84,6,14,153,1265,182,76,108,277,196,111,343,551,205,36,43,517,153,173,108,70,218,124,204,130,186,46,178,141,94,6167
76,107,84,14,13,146,1220,175,57,109,208,209,85,307,619,217,28,34,468,142,126,117,55,202,110,190,144,121,48,175,139,69,5814
76,79,82,15,16,119,1177,167,72,96,260,156,83,300,511,186,24,45,465,97,122,95,56,142,88,157,119,128,28,178,161,90,5390
48,81,92,17,5,151,1157,164,45,109,219,125,82,295,603,189,32,20,413,111,148,89,64,167,82,151,109,152,21,142,107,79,5269
26,28,57,9,9,57,757,125,37,15,83,64,52,94,219,75,10,15,213,110,83,51,33,80,35,75,48,66,6,58,31,33,2654
25,29,19,5,12,58,312,64,25,22,76,62,25,104,164,59,2,13,153,44,65,40,26,57,42,43,69,53,9,72,55,25,1829
98,113,94,16,17,195,1133,191,75,121,321,176,90,301,578,231,31,40,601,183,157,124,100,179,134,208,142,170,28,214,126,81,6268
95,99,98,14,15,220,1235,241,70,112,246,194,86,357,539,213,41,39,481,161,98,111,54,130,110,212,120,163,38,132,111,113,5948
88,129,79,13,11,201,1225,219,74,128,279,167,81,306,514,148,24,24,384,115,111,117,60,165,96,180,93,133,34,148,113,81,5540
55,109,84,14,16,204,1190,196,54,114,274,115,77,255,527,161,48,37,387,132,128,128,61,129,91,179,58,113,22,135,107,88,5288
65,84,71,20,12,244,1066,196,55,119,304,117,76,234,427,143,31,24,364,107,147,110,59,171,95,174,69,84,21,120,95,93,4997
17,49,43,0,5,109,558,127,35,15,59,57,50,115,196,87,13,10,233,105,48,58,20,79,42,58,49,69,14,65,28,39,2452
40,31,27,5,3,85,242,106,21,22,62,55,47,84,154,40,11,16,154,60,55,45,19,68,24,52,46,33,5,53,44,58,1767
94,142,100,18,14,355,1046,256,57,162,207,176,83,270,430,166,65,35,581,131,147,122,85,208,110,218,82,147,16,188,130,84,5925
86,138,82,7,11,351,1232,320,64,146,213,133,88,274,404,177,48,20,551,156,126,113,57,216,130,185,107,129,22,160,102,103,5951
72,131,69,13,8,353,1246,245,56,203,269,151,106,300,434,148,45,25,578,148,137,118,20,209,91,141,60,127,20,130,26,95,5774
80,92,89,7,9,408,1202,234,72,180,274,126,80,228,389,132,45,25,478,125,106,131,49,190,100,131,90,102,24,135,74,103,5510
67,75,94,19,8,447,1209,243,75,172,278,102,68,243,370,119,25,34,503,132,127,162,59,233,98,108,110,98,26,146,100,104,5654
20,44,48,2,8,329,557,155,32,29,92,51,39,97,212,73,21,15,290,135,71,82,27,157,53,72,60,62,18,47,46,93,3037
55,37,22,1,4,182,308,107,28,36,86,38,48,119,152,48,15,17,202,57,45,75,26,92,47,54,53,36,11,61,53,94,2209
107,132,112,13,18,432,1259,313,49,287,313,134,99,321,471,216,54,29,700,124,170,200,49,239,131,143,106,124,31,177,139,130,6822
93,135,94,13,8,688,1381,380,56,211,301,108,88,303,467,184,37,32,605,149,126,208,58,303,124,191,86,152,44,144,175,179,7123
100,135,76,13,8,756,1229,268,50,198,282,137,105,314,420,136,49,21,503,138,138,192,50,228,113,174,96,106,31,146,109,142,6463
90,127,95,12,17,633,1350,300,46,261,294,113,119,283,440,144,30,27,510,113,158,220,46,219,95,166,67,97,14,126,112,139,6463
82,92,118,22,6,640,1527,280,74,224,309,79,98,268,440,158,45,26,534,131,144,204,46,204,107,138,84,106,30,107,133,155,6611
33,50,57,6,3,455,680,176,36,61,109,27,54,143,218,59,14,16,296,77,79,112,19,102,63,68,42,56,17,50,76,98,3352
48,51,23,2,1,261,338,164,27,53,105,26,68,123,181,45,12,12,190,38,56,91,12,103,35,76,40,41,15,45,34,51,2367
147,155,114,18,16,782,1876,407,43,332,390,117,131,404,517,182,31,35,550,127,190,295,45,280,116,211,71,143,26,183,132,161,8227
95,144,92,10,4,916,1990,431,49,326,453,94,115,347,554,216,39,32,515,111,157,233,55,323,119,158,73,218,35,112,196,179,8391
114,147,102,5,7,640,1753,413,39,352,428,88,118,323,435,144,39,21,560,133,143,179,31,243,104,166,73,154,27,83,163,188,7415
119,135,81,16,10,641,1782,431,36,339,384,94,103,275,506,146,35,15,431,112,147,226,38,216,120,184,77,128,29,120,142,172,7290
122,153,97,10,6,574,1893,410,36,299,409,60,110,234,511,109,34,10,502,102,173,200,30,238,127,159,79,138,32,101,109,168,7235
56,46,58,2,3,334,789,233,21,96,159,30,81,124,180,54,18,8,267,94,96,142,23,138,44,50,36,82,19,46,53,120,3502
42,42,19,4,5,283,325,169,16,85,125,36,64,100,185,48,8,12,182,65,70,108,19,95,47,52,36,73,10,33,43,67,2468
197,165,114,31,8,721,1987,391,39,380,546,89,147,369,558,164,43,23,530,113,166,269,37,214,130,230,83,185,34,152,104,185,8404
184,125,95,14,9,627,1925,383,52,431,569,62,109,299,550,162,41,31,486,141,152,236,43,253,124,142,114,174,27,119,35,229,7943
160,120,87,18,5,496,1951,340,39,343,440,47,120,307,521,148,24,21,443,82,144,210,52,206,108,130,111,98,28,117,86,175,7177
172,88,85,7,8,482,1708,372,35,311,423,71,136,273,535,141,25,12,467,102,169,217,24,231,71,118,78,97,24,95,100,187,6864
161,95,66,19,3,511,1544,320,35,279,401,59,105,240,512,121,20,14,441,97,148,196,46,161,77,151,21,105,22,89,71,157,6287
61,51,35,1,1,251,702,172,19,74,141,30,50,157,205,45,13,8,222,56,73,164,23,114,33,43,38,51,15,31,43,93,3015
49,46,25,0,1,260,312,103,18,61,137,19,58,95,183,38,12,9,164,33,46,106,13,79,30,41,33,38,26,41,30,59,2165
197,148,85,9,4,385,668,324,30,261,255,30,101,289,354,101,43,22,490,49,115,267,35,156,81,138,42,108,33,107,64,166,5157
209,130,70,5,4,481,2168,411,29,342,486,87,133,326,600,144,46,25,554,149,180,250,41,196,85,219,103,135,36,119,87,234,8084
186,149,82,20,3,502,2002,355,34,385,477,55,119,286,518,164,34,17,541,117,145,281,32,226,107,178,104,116,29,81,73,211,7629
164,100,72,7,4,462,1964,346,30,308,500,68,135,275,479,136,42,25,593,89,141,298,25,236,117,227,113,129,23,123,69,249,7549
178,118,58,5,4,370,1772,362,24,265,476,48,93,269,505,108,38,17,780,106,159,283,31,189,73,151,82,111,40,91,81,204,7091
50,65,29,6,2,185,832,205,19,78,189,31,61,95,263,46,20,14,415,73,92,174,16,135,39,68,50,62,20,46,39,121,3540
69,52,24,5,2,161,355,145,13,75,179,22,78,92,238,52,13,11,288,29,50,200,17,59,34,85,30,69,19,35,44,100,2645
268,155,115,12,7,401,2419,410,30,350,551,80,147,332,661,155,59,18,708,158,187,296,30,310,119,226,138,171,39,145,70,191,8958
219,107,85,8,10,402,2339,497,32,317,602,62,156,312,686,165,68,28,726,141,158,329,36,280,101,226,109,150,44,142,120,269,8926
194,129,77,12,16,375,2143,455,30,292,603,71,121,320,688,130,50,18,617,122,202,365,27,248,107,253,100,121,35,108,78,249,8356
197,99,92,12,19,460,2032,393,10,314,567,68,127,282,588,143,41,14,619,119,197,322,24,307,83,223,123,110,42,111,152,255,8145
157,98,65,19,4,338,2030,346,12,283,588,45,118,296,553,133,45,19,628,105,162,265,35,228,73,192,129,129,45,89,71,274,7574
56,71,31,3,3,189,931,215,3,140,290,25,65,133,302,47,17,8,371,77,109,185,15,133,45,77,58,70,35,42,47,106,3899
49,61,21,6,1,117,437,126,7,47,146,16,74,112,220,33,16,5,289,75,72,225,12,94,25,62,33,57,15,45,38,99,2635
80,75,31,5,5,191,450,188,6,133,244,34,101,184,278,68,13,7,270,76,81,134,13,111,33,126,40,85,33,45,34,126,3300
281,195,85,12,16,388,2516,390,30,391,770,68,168,356,777,184,56,20,602,125,241,328,31,284,118,291,138,224,71,142,87,225,9610
244,235,92,22,16,310,2170,382,35,324,683,64,129,380,714,145,52,17,515,111,186,348,44,270,99,251,114,222,68,92,115,260,8709
216,223,91,4,12,303,1999,312,24,285,728,49,125,340,609,145,50,17,564,101,220,296,21,276,96,262,123,169,40,103,103,302,8208
192,212,72,19,13,336,2154,325,14,299,744,62,135,281,705,102,38,13,579,74,166,364,44,254,105,279,131,170,44,85,120,261,8392
45,129,39,2,1,148,1244,179,15,71,300,31,61,155,339,56,21,5,291,69,113,211,14,111,45,110,91,82,22,41,79,95,4215
59,107,30,6,5,93,472,117,6,77,186,22,83,133,268,50,6,19,185,52,71,202,13,72,20,91,60,73,22,33,61,85,2779
284,348,102,25,15,239,2875,310,26,369,837,113,188,449,875,137,70,24,547,118,217,490,57,253,90,403,140,173,31,150,160,238,10353
238,318,102,12,7,255,2994,342,23,351,941,87,156,356,877,179,57,33,493,108,228,439,55,331,106,351,144,173,30,114,104,277,10281
194,328,87,27,6,225,2766,314,20,232,808,63,184,414,845,151,55,18,527,106,215,388,54,264,64,355,186,147,26,98,132,283,9582
168,319,96,22,11,225,2843,295,24,301,871,66,187,385,832,159,58,20,532,96,211,432,50,237,78,319,128,140,25,119,113,235,9597
145,276,75,13,9,170,3116,324,21,286,845,111,161,331,907,144,35,21,494,74,233,377,63,229,90,284,162,161,37,124,66,231,9615
46,121,46,3,4,90,1669,129,14,42,351,26,66,199,454,72,29,12,316,80,160,244,16,136,36,126,90,78,22,53,53,108,4891
55,113,32,1,4,76,603,123,15,77,244,24,67,121,299,49,31,8,160,30,73,229,15,77,30,104,98,65,16,49,35,84,3007
226,337,115,19,15,178,3780,290,24,268,792,78,178,399,1003,177,79,22,540,164,242,415,56,253,98,338,187,154,48,165,95,193,10928
203,397,124,15,21,172,4072,342,22,247,952,83,156,421,1102,191,89,21,500,136,270,406,64,255,103,384,174,132,46,94,102,317,11613
158,304,108,17,17,127,4392,280,26,233,837,70,182,432,1143,193,65,29,422,156,284,449,59,216,76,372,199,129,39,110,114,208,11446
137,292,90,14,19,115,4449,319,26,198,813,70,206,378,1179,136,70,29,412,145,262,416,57,207,80,335,192,147,32,78,111,179,11193
115,268,100,19,23,101,4623,299,16,169,713,54,174,319,1245,147,42,16,375,130,249,352,43,198,95,305,165,125,40,91,78,190,10879
40,163,46,6,7,59,2801,120,16,20,265,48,84,151,628,48,28,12,225,90,174,263,21,107,26,186,104,55,32,39,41,76,5981
47,114,22,2,4,43,780,87,11,27,204,39,110,134,384,51,20,11,125,54,84,228,19,69,13,180,94,53,12,44,42,58,3165
148,355,111,18,21,107,5344,270,25,190,871,109,195,397,1583,189,68,25,506,165,283,394,59,189,96,473,255,155,89,119,88,187,13084
136,379,119,12,22,135,5080,331,22,193,918,87,215,357,1600,176,98,14,604,129,241,407,44,269,79,388,290,169,49,129,100,197,12989
114,332,100,21,21,134,5064,277,25,150,862,80,194,381,1421,147,85,27,584,150,317,383,47,192,64,435,322,142,47,113,87,155,12473
101,322,139,5,27,104,5250,302,21,146,930,94,223,351,1413,171,95,20,581,124,267,443,36,184,80,340,279,165,67,134,83,190,12687
95,318,117,27,26,76,5143,248,17,144,687,82,178,364,1438,174,67,23,614,190,292,516,70,219,95,382,259,175,64,102,100,161,12463
26,159,75,9,4,60,2880,148,16,32,351,56,122,235,827,74,30,11,376,113,189,218,23,95,38,213,173,99,34,60,48,59,6853
27,142,27,3,15,41,704,92,16,30,212,52,102,142,391,51,22,8,264,34,106,214,22,69,30,137,174,87,25,49,50,67,3405
118,361,153,36,34,102,5412,329,24,183,993,149,239,447,1717,233,86,32,724,185,314,470,68,250,118,454,278,218,108,172,174,143,14324
117,351,152,18,20,100,5452,337,8,170,879,112,248,372,1712,237,86,28,694,168,325,385,82,274,101,452,273,240,109,167,136,195,14000
94,333,129,31,30,122,5177,337,30,144,750,103,197,438,1626,198,74,14,625,171,385,438,56,210,95,416,293,239,104,165,120,135,13279
105,314,138,16,30,104,5165,345,24,141,692,115,210,408,1521,195,78,18,552,184,306,405,59,226,70,389,262,192,75,129,96,193,12757
100,240,120,24,22,81,5590,238,16,132,634,93,212,333,1514,173,85,28,474,165,324,331,53,194,90,360,261,220,102,113,90,92,12504
32,122,67,2,13,43,2948,151,18,20,307,23,97,155,694,76,40,11,283,144,220,174,28,102,44,242,161,118,49,63,46,83,6576
29,142,26,6,10,62,820,129,15,20,293,32,112,189,430,65,40,11,232,73,166,161,24,86,32,164,151,83,47,54,32,61,3797
132,407,134,21,34,72,5539,305,30,138,817,107,224,500,1685,254,109,32,709,230,436,431,83,292,120,475,309,267,117,178,99,141,14427
114,318,141,9,26,107,5367,351,27,151,833,90,206,399,1679,228,121,20,689,203,394,333,82,234,90,436,323,262,109,160,117,201,13820
81,255,126,28,28,103,5187,310,29,121,647,90,174,353,1560,183,121,20,563,251,351,481,45,251,78,388,301,223,96,154,70,89,12757
47,174,107,21,16,59,4499,211,28,63,436,85,153,333,1393,152,76,21,489,174,343,305,40,149,68,225,269,164,70,107,81,83,10441
12,94,17,5,5,41,614,55,12,8,156,20,84,168,434,79,31,11,186,57,114,174,15,41,8,100,25,49,31,42,31,13,2732
36,143,92,11,19,60,1957,147,26,24,303,44,92,240,590,75,61,18,345,197,237,192,57,111,35,274,187,117,65,70,45,34,5904
40,134,43,3,12,33,1046,150,24,23,292,31,116,252,500,90,69,19,287,83,198,213,35,105,41,205,49,98,37,77,42,39,4386
127,372,185,32,17,100,6085,328,38,142,899,197,229,578,1952,332,180,47,806,279,488,546,63,220,108,562,370,244,125,260,108,148,16167
124,328,211,13,24,93,6181,358,41,174,887,152,231,552,1819,304,202,36,828,250,459,517,84,267,127,504,348,308,139,231,107,159,16058
103,237,214,18,28,75,5605,315,31,133,830,116,252,507,1689,293,242,37,747,262,484,418,90,245,107,483,282,268,134,192,98,126,14661
57,193,149,16,17,49,4924,266,36,83,601,114,175,374,1363,242,170,29,716,182,350,347,59,178,81,342,246,216,119,161,111,102,12068
27,118,35,6,10,52,701,76,19,9,187,39,108,201,471,90,54,17,163,54,177,204,24,81,32,122,37,90,42,57,35,17,3355
54,126,119,5,19,55,1886,182,16,22,306,45,126,317,614,146,218,26,531,244,341,236,49,157,84,248,234,137,96,128,71,57,6895
41,131,48,5,17,52,1101,174,50,17,301,58,155,287,527,118,224,25,386,109,236,240,50,129,55,191,63,104,65,118,44,30,5151
131,371,210,40,35,121,6757,427,38,163,880,181,344,705,1814,339,236,79,1044,348,567,652,100,324,157,513,392,345,173,329,137,189,18141
138,393,279,29,41,113,6711,398,41,180,1067,187,329,751,1905,392,244,59,1162,342,595,480,143,388,155,514,395,311,200,334,183,243,18702
138,333,267,31,44,131,6629,402,43,150,1084,189,285,857,1874,375,285,57,975,344,658,625,106,393,169,391,347,391,154,313,147,183,18370
143,344,273,22,58,134,6777,484,69,181,958,187,397,766,1928,295,300,59,1053,331,572,667,119,383,177,403,369,392,163,277,149,215,18645
156,296,259,40,49,114,6695,443,73,150,983,204,311,927,1862,283,324,68,1075,322,681,609,117,445,185,360,386,398,138,296,151,174,18574
60,119,109,9,23,56,3918,162,38,27,427,98,188,384,814,108,259,51,518,245,478,290,59,245,102,190,211,194,108,164,69,80,9803
45,104,62,6,26,45,1311,130,43,30,382,85,153,353,546,89,75,41,321,120,346,236,44,176,61,179,62,151,53,179,57,53,5564
225,368,254,31,68,119,7362,366,77,167,1261,361,337,1094,2178,341,373,96,933,393,693,694,114,499,212,493,457,320,217,335,119,197,20754
184,300,251,22,55,131,6895,448,60,221,1225,327,304,840,2061,406,308,92,1008,264,733,662,175,435,212,328,346,395,179,317,139,160,19483
168,314,218,43,46,124,6810,364,63,150,1167,234,334,878,1966,364,255,98,851,295,611,639,113,436,192,310,325,358,162,282,104,151,18425
136,272,228,29,42,92,6592,377,48,165,1220,260,322,707,1982,280,419,88,911,252,631,666,95,429,162,331,329,317,162,355,117,170,18186
171,251,185,31,42,92,6297,396,52,130,1174,251,259,749,1814,245,381,72,1064,297,585,517,99,423,200,263,314,303,157,320,148,125,17407
43,93,113,10,15,61,3747,146,42,34,440,91,147,337,861,122,299,62,480,191,442,317,41,267,99,185,181,185,79,195,45,57,9427
43,79,67,9,29,43,1091,166,32,25,314,85,120,314,619,138,61,43,341,97,260,262,39,222,74,149,45,116,64,175,55,43,5220
219,315,235,29,52,159,6611,437,62,145,1130,300,268,852,1986,361,385,85,1023,276,696,823,92,519,221,474,444,377,185,348,100,159,19368
229,214,269,29,34,130,6445,460,74,158,1098,315,266,763,1920,328,424,108,1093,357,649,676,115,560,184,298,361,379,155,348,152,193,18784
198,218,231,33,42,126,5742,382,88,139,1026,295,260,757,1893,300,546,111,991,260,532,656,98,563,187,284,318,325,183,308,176,159,17427
185,223,220,29,34,117,5518,403,75,130,1010,262,260,695,1901,272,448,109,900,248,571,659,119,507,187,316,334,314,141,327,129,180,16823
160,210,262,37,35,95,5543,368,67,128,849,210,262,612,1775,271,469,98,950,230,563,637,129,486,205,280,353,349,136,326,130,142,16367
67,83,116,16,10,57,3089,141,28,33,436,88,126,303,818,124,466,59,430,137,388,281,110,258,77,165,241,159,77,174,66,74,8697
55,65,54,12,15,37,1074,121,37,26,291,73,164,293,469,109,51,36,283,109,271,199,37,169,80,92,76,114,60,138,58,33,4701
208,196,287,43,44,139,5822,370,61,159,995,318,294,778,1891,340,713,101,925,272,580,638,130,568,214,334,423,357,125,333,141,155,17954
163,241,245,30,50,115,5847,435,41,146,952,230,232,648,1700,299,600,92,941,273,570,637,117,559,181,211,308,316,118,315,152,192,16956
125,175,212,33,45,108,5046,320,64,115,741,234,277,619,1599,208,492,98,840,251,514,560,89,485,182,215,273,256,148,258,151,171,14904
130,185,188,24,46,102,4633,354,52,108,850,264,186,527,1495,228,489,79,792,226,442,533,118,408,152,204,249,272,124,245,154,154,14013
104,132,166,48,56,68,4259,280,62,90,777,227,196,461,1373,176,396,45,602,174,431,380,110,396,140,231,221,187,95,233,113,110,12339
29,60,65,7,31,52,2385,115,23,11,346,69,115,201,687,81,437,39,371,139,330,224,63,204,70,113,129,107,54,108,37,52,6754
36,49,42,9,26,39,795,76,15,29,301,86,108,173,442,84,38,28,174,82,215,203,25,106,59,79,49,87,41,108,36,28,3668
54,61,61,6,23,44,1129,98,31,11,368,76,77,258,404,115,43,23,227,138,244,180,37,186,49,108,181,103,69,127,45,65,4641
145,174,238,26,36,117,4509,281,65,157,825,269,176,447,1575,208,519,43,556,219,442,431,95,398,137,261,246,185,126,251,168,138,13463
111,143,217,28,36,96,3904,225,53,121,759,168,153,476,1296,180,435,61,586,217,427,449,76,338,139,204,264,204,112,218,121,149,11966
100,131,189,17,10,79,3671,214,46,86,738,229,129,352,1172,154,449,39,511,202,372,418,76,297,115,180,221,163,124,196,94,141,10915
94,107,162,17,24,82,3528,219,58,70,776,178,128,301,1025,134,427,40,424,205,358,368,73,230,116,190,223,163,130,147,76,116,10189
31,45,70,4,7,46,1924,61,28,17,356,64,74,144,517,84,269,29,202,143,253,211,23,145,59,86,120,63,58,82,37,40,5292
31,46,45,2,8,34,549,48,19,19,272,43,71,127,306,43,43,20,116,63,152,133,17,81,55,49,27,73,72,86,56,32,2738
122,148,192,25,22,120,3955,252,61,123,761,178,155,353,1261,136,416,41,513,230,449,388,68,331,172,164,247,181,99,198,130,109,11600
86,103,153,15,27,91,3091,208,51,87,652,134,117,316,1065,114,179,42,410,176,321,367,62,207,119,163,233,163,81,199,116,128,9276
82,96,97,27,24,75,2965,158,33,90,513,126,94,305,998,90,237,37,442,216,303,292,43,175,98,189,201,124,72,162,122,106,8592
88,111,127,12,31,87,2654,149,27,61,448,152,111,303,924,91,105,28,301,162,350,282,41,192,110,144,187,143,72,146,99,100,7838
57,88,83,19,26,86,2939,125,25,49,460,118,83,280,839,90,79,34,291,172,309,265,32,170,128,112,152,124,95,136,96,84,7646
18,33,51,4,10,35,1720,43,25,21,181,32,62,89,416,54,57,19,101,114,167,142,39,121,43,67,76,40,33,83,51,44,3991
20,33,32,7,5,25,512,34,15,24,155,40,54,96,228,46,33,13,60,56,156,116,19,81,43,37,31,27,36,60,44,14,2152
93,107,106,15,15,62,2964,90,38,81,483,140,93,340,925,96,241,25,205,189,369,355,64,163,136,128,205,43,71,156,112,116,8226
75,65,86,11,20,112,2793,138,27,44,427,134,84,249,968,85,286,24,222,176,300,308,68,138,122,110,174,73,59,143,88,127,7736
75,54,102,13,15,87,2498,104,26,69,408,97,108,246,812,87,188,27,239,166,256,317,49,158,88,103,162,76,56,137,110,77,7010
85,59,116,20,28,88,2426,106,24,53,454,97,90,245,855,91,105,26,209,147,282,321,42,166,96,117,145,74,41,134,113,90,6945
62,53,77,14,15,92,2421,141,29,44,426,89,83,210,773,74,207,31,226,140,267,306,55,151,81,106,150,72,53,106,98,62,6714
28,32,39,12,7,45,1357,48,13,12,155,40,47,75,376,48,34,11,110,109,184,188,30,71,32,42,66,40,26,54,44,32,3407
20,25,12,9,7,40,478,38,13,25,115,35,45,77,248,39,33,6,98,60,147,119,18,58,37,46,37,31,20,41,35,17,2029
98,86,127,31,20,158,3060,122,39,92,505,129,107,288,983,98,215,26,279,218,331,353,65,164,108,127,208,101,72,148,124,62,8544
75,61,106,12,16,100,2751,116,18,64,351,102,110,270,796,80,193,33,269,159,343,399,41,159,90,95,147,93,45,123,141,83,7441
80,73,80,22,19,80,2433,105,27,56,323,96,105,259,744,71,211,32,236,223,261,315,28,147,77,91,145,108,46,104,103,78,6778
70,68,87,14,13,111,2426,98,19,46,369,100,98,226,698,71,206,36,243,158,300,346,42,148,86,78,158,92,52,100,95,62,6716
70,65,69,20,15,113,2546,99,26,49,356,102,89,195,756,80,214,18,213,206,293,289,38,124,88,85,120,84,60,105,150,61,6798
15,24,33,4,3,38,1524,36,12,12,170,35,50,65,333,55,58,10,94,107,203,162,16,85,40,47,64,38,22,60,55,24,3494
16,24,23,8,4,42,530,34,9,12,111,39,53,79,261,48,57,7,66,53,146,151,21,35,28,41,22,32,18,56,44,14,2084
95,80,93,25,24,148,2967,110,17,82,393,127,125,269,1039,82,353,25,254,239,357,438,54,211,91,106,220,109,54,153,139,95,8574
76,79,70,19,16,82,2609,90,17,60,305,117,104,186,799,95,158,24,208,205,257,296,46,174,76,111,142,100,53,93,131,80,6878
63,73,62,19,28,121,2467,103,22,54,265,107,99,197,776,73,108,12,188,149,279,318,33,148,72,94,157,96,51,98,112,55,6499
68,69,86,22,14,96,2306,90,19,61,244,105,73,169,654,81,225,16,181,150,280,308,42,122,67,116,147,79,41,114,129,81,6255
54,61,61,31,18,103,2220,72,12,44,278,94,88,150,707,81,143,25,179,120,229,296,34,113,80,117,183,69,48,110,102,58,5980
18,20,28,8,4,52,1257,34,13,17,122,44,42,53,288,29,61,12,90,91,163,122,19,101,46,69,67,47,24,51,38,19,3049
19,25,19,6,10,39,487,27,10,17,81,40,45,63,237,34,75,9,64,64,117,124,14,47,35,54,27,31,11,52,41,49,1973
89,68,82,29,24,155,2473,77,28,79,287,124,97,179,821,90,291,24,191,158,297,333,37,151,97,112,177,109,56,119,108,81,7043
45,63,65,18,15,118,2088,71,24,59,208,104,66,157,686,69,245,20,167,182,258,286,31,106,74,145,162,80,28,92,99,56,5887
66,43,51,18,42,123,1779,74,15,50,233,70,79,128,587,60,222,22,162,150,217,333,39,125,80,131,158,82,49,98,111,74,5471
64,51,70,14,23,108,1868,47,10,38,247,83,74,127,558,46,171,20,187,149,236,273,34,92,69,114,142,60,69,104,101,41,5290
50,31,54,13,15,95,1899,52,19,61,225,86,67,119,555,65,205,18,140,96,260,233,40,122,55,123,141,82,60,75,92,29,5177
10,12,28,9,10,55,1039,20,7,8,121,37,33,53,263,24,46,10,61,51,170,137,24,87,39,52,69,32,41,50,43,15,2656
11,10,21,3,10,43,453,16,10,9,59,27,20,39,154,23,42,15,46,43,104,111,17,36,21,41,28,25,30,44,29,13,1553
18,18,18,8,8,46,546,23,14,24,114,43,42,55,179,46,70,4,70,86,138,122,35,72,43,47,50,36,41,68,34,23,2141
98,52,101,22,22,148,2394,58,23,86,327,85,88,188,758,82,165,23,192,112,267,284,62,125,95,152,169,92,86,124,117,75,6672
46,33,67,27,13,114,1951,64,15,65,224,95,68,121,576,72,128,18,136,105,212,236,35,117,85,96,131,68,42,100,108,45,5213
46,49,73,11,19,121,1836,42,16,59,214,93,73,125,526,72,125,14,101,119,235,198,43,94,81,98,146,60,47,64,95,60,4955
45,24,105,12,19,122,1610,35,22,47,200,85,83,132,517,78,127,13,100,157,209,210,37,95,78,94,131,67,49,74,90,31,4698
74,18,33,3,3,68,958,16,8,8,81,28,29,50,212,28,51,14,51,79,144,110,30,40,34,55,46,34,24,38,43,19,2429
15,12,24,7,12,58,350,11,6,16,68,35,28,42,185,27,33,5,27,36,123,94,22,33,29,55,28,15,28,47,39,30,1540
48,77,109,13,14,206,1966,67,11,62,306,90,92,151,649,73,156,19,112,95,243,249,64,114,104,128,191,73,83,113,100,61,5839
47,57,117,17,19,170,1821,80,10,50,221,90,64,107,555,74,104,10,106,116,204,222,56,86,75,110,131,59,73,109,83,63,5106
33,51,76,24,11,179,1528,36,12,55,200,94,71,101,503,83,108,17,72,91,185,177,45,91,77,126,129,63,61,98,82,47,4526
46,58,100,21,13,199,1528,39,12,43,243,69,67,111,487,66,79,8,92,113,176,198,36,81,68,108,107,58,61,83,87,50,4507
34,42,81,10,17,177,1380,67,6,34,219,57,52,89,420,56,92,5,110,76,182,151,49,80,74,124,130,55,31,60,76,45,4081
66,16,56,12,10,64,911,16,8,14,61,24,19,50,191,43,39,4,39,64,123,79,29,48,28,43,49,19,13,40,25,35,2238
14,10,19,3,3,46,329,24,11,17,83,31,27,45,119,23,30,5,30,35,90,53,21,38,25,37,21,23,14,27,27,20,1300
63,65,78,33,16,236,1655,57,18,53,233,93,86,136,582,78,122,15,148,117,213,185,39,115,106,145,165,70,40,68,92,73,5195
48,45,84,22,18,196,1541,53,9,47,118,92,63,102,454,85,117,13,108,86,190,112,48,83,63,106,165,62,30,65,77,37,4339
41,47,77,11,19,180,1412,36,5,25,105,74,52,98,398,90,66,6,106,85,144,183,46,95,80,99,111,58,28,74,77,40,3968
18,32,67,9,11,83,589,18,8,23,86,49,46,51,167,26,37,10,52,64,128,105,30,58,32,38,58,21,18,39,73,31,2077
9,21,30,7,3,83,444,16,9,7,67,59,28,50,153,38,52,10,39,37,99,66,26,52,27,52,40,32,41,31,30,16,1674
15,11,42,8,2,121,332,16,4,16,79,30,25,54,150,22,25,5,47,58,98,78,30,50,30,39,62,38,18,37,41,12,1595
15,14,27,11,6,99,288,18,4,9,65,25,34,59,128,30,23,10,26,34,97,73,35,26,32,50,61,29,15,28,28,17,1416
71,64,121,10,25,323,1633,71,18,93,188,108,95,133,626,122,111,23,131,99,202,242,70,112,96,141,192,86,55,78,109,35,5483
51,34,89,12,19,310,1419,36,11,66,131,93,77,149,448,93,90,26,105,90,159,217,61,115,84,100,139,78,56,81,103,37,4579
44,44,96,22,36,295,1362,37,26,61,145,61,79,107,378,92,94,20,101,72,163,176,58,119,88,114,134,75,41,81,66,46,4333
33,44,71,10,30,274,1248,31,17,57,110,88,53,114,416,76,96,24,118,66,171,156,61,100,73,126,152,56,40,81,100,59,4151
55,42,68,12,24,239,1287,43,14,48,108,103,55,118,422,59,59,18,79,52,166,137,68,93,65,117,131,80,20,66,57,42,3947
19,17,50,3,12,90,818,10,11,25,54,31,48,62,204,39,31,13,35,38,101,84,47,87,40,58,48,29,12,25,31,22,2194
27,7,14,7,7,81,234,13,7,11,41,24,30,50,130,29,24,12,26,18,77,49,31,31,29,23,39,29,15,28,24,22,1189
61,53,104,19,19,308,1441,77,19,57,174,112,71,128,501,93,145,19,125,98,184,166,81,110,86,147,203,87,38,75,90,56,4947
33,43,75,15,17,308,1286,48,18,61,112,104,76,96,425,67,71,19,111,72,150,142,61,109,67,111,111,79,34,69,93,41,4124
43,45,89,9,11,274,1179,31,20,33,101,76,83,98,329,67,95,18,80,67,146,106,83,80,52,76,178,68,36,63,72,30,3738
44,35,76,14,21,223,1187,35,25,59,81,78,49,92,344,68,75,15,93,68,147,117,72,94,39,104,127,81,23,71,78,48,3683
33,37,51,13,16,230,992,62,20,36,56,76,76,88,297,46,101,17,82,52,115,112,69,79,40,85,112,75,35,49,67,40,3259
5,7,43,2,8,74,599,19,14,15,28,18,35,39,147,27,23,7,37,39,84,45,60,36,22,46,50,21,8,50,27,18,1653
8,14,26,3,8,62,219,15,11,13,25,34,26,36,99,30,23,6,16,20,65,45,58,26,24,45,32,26,4,25,37,17,1098
46,69,92,50,23,292,1192,39,16,56,115,75,78,115,347,76,125,28,84,69,143,145,95,87,72,101,228,95,39,89,86,56,4223
23,46,63,6,10,284,1072,34,10,45,85,75,54,104,332,66,107,16,86,40,123,139,85,67,58,83,132,81,32,69,79,39,3545
27,27,74,14,16,260,1080,29,20,33,98,58,62,85,284,58,84,11,61,50,132,138,103,84,56,123,175,89,34,59,72,28,3524
34,46,63,20,21,198,890,32,13,53,86,80,45,77,254,60,111,20,73,59,113,101,72,79,68,81,142,77,24,67,64,29,3152
28,41,66,14,21,199,864,29,12,33,81,70,45,81,218,52,108,17,104,56,104,109,80,76,51,96,148,56,27,85,82,42,3095
15,20,32,6,9,89,563,12,24,9,48,31,19,35,161,24,24,7,41,30,67,51,62,48,34,43,79,38,21,34,28,22,1726
19,24,27,7,3,86,170,10,21,13,35,18,19,30,87,17,26,4,25,24,56,44,44,19,18,39,53,33,5,31,25,15,1047
32,70,63,13,31,296,999,36,16,44,134,82,52,122,346,68,138,20,92,77,127,133,107,79,75,116,179,98,24,64,81,54,3868
33,37,72,22,25,213,972,33,26,44,87,67,39,84,264,58,147,12,89,50,101,94,122,60,49,88,192,101,25,63,84,47,3400
37,39,69,35,15,183,878,34,21,25,80,71,39,87,236,59,116,20,74,67,98,94,104,71,44,58,136,79,24,47,103,34,3077
29,37,71,30,12,167,778,41,18,36,67,76,38,75,285,73,108,15,74,43,87,72,103,59,42,59,124,90,16,43,90,47,2905
23,36,55,33,17,132,744,36,24,19,47,58,34,54,179,41,132,27,62,59,102,84,113,38,31,62,156,85,13,50,81,38,2665
4,12,25,4,5,69,222,14,9,8,25,33,13,22,85,22,18,10,23,31,43,13,59,27,10,35,49,32,3,23,30,20,998
8,18,24,9,5,52,187,9,14,10,29,21,12,24,67,21,22,15,27,16,40,21,62,25,15,37,47,34,13,15,27,21,947
29,65,72,41,22,192,791,42,24,39,67,85,38,100,250,57,114,19,101,51,129,129,141,51,61,83,230,136,23,69,96,51,3398
21,45,60,16,16,179,616,38,24,32,52,84,24,75,234,62,117,20,90,35,95,90,139,69,46,87,174,122,13,58,95,42,2870
20,45,54,14,21,148,675,29,35,18,46,72,24,90,179,59,75,17,93,84,79,54,123,56,45,54,82,102,16,44,55,40,2548
35,46,63,30,23,154,598,36,28,32,90,99,37,86,169,52,97,24,74,57,75,61,114,71,28,70,182,111,14,55,98,37,2746
19,67,61,17,13,111,618,26,18,28,50,55,32,55,167,58,99,18,101,53,43,48,120,67,34,63,140,103,10,41,72,37,2444
18,24,28,8,3,47,379,21,19,5,19,32,11,32,59,26,14,5,46,39,54,19,75,37,22,39,60,46,5,31,17,25,1265
11,20,24,1,4,38,90,8,16,2,27,20,10,30,63,3,16,3,28,16,35,21,71,20,10,30,46,41,3,33,29,12,781
10,44,44,16,7,99,354,19,23,11,29,60,9,41,108,32,48,13,62,32,37,37,94,54,28,44,131,101,11,37,46,25,1706
35,112,78,21,25,177,682,40,27,45,54,93,22,93,229,63,76,16,97,47,66,77,150,54,69,93,167,167,13,64,115,38,3105
17,61,54,23,16,137,614,27,29,24,51,77,21,64,160,41,73,9,87,43,55,48,179,52,44,83,169,123,5,78,81,32,2577
23,66,49,29,19,108,505,33,34,35,52,40,14,51,152,38,58,8,78,26,61,40,173,58,40,55,163,113,15,53,88,27,2304
25,57,76,16,16,85,605,19,21,24,43,45,14,47,195,35,54,20,94,27,60,58,156,46,35,70,161,126,9,62,83,32,2416
3,9,23,18,7,38,306,11,12,8,32,17,6,22,136,20,8,8,52,25,33,12,76,31,25,37,58,64,15,38,51,5,1206
6,17,16,14,6,39,108,5,12,5,12,12,17,17,73,20,9,3,20,10,20,7,69,17,21,40,32,42,4,33,37,7,750
20,65,71,33,22,131,603,34,21,42,68,39,17,67,167,52,40,17,121,40,63,40,175,70,58,82,207,179,19,68,113,31,2775
13,61,77,30,25,97,611,26,18,28,38,45,18,53,138,34,25,26,85,41,72,32,160,48,54,93,158,141,15,81,128,32,2503
13,45,73,44,12,98,527,23,21,27,61,61,17,66,134,20,28,24,91,41,51,33,171,35,64,76,213,109,12,79,111,26,2406
15,53,72,36,11,91,549,28,34,17,36,48,24,35,168,32,27,14,96,29,53,25,144,30,71,62,179,117,17,87,111,20,2331
15,46,111,33,19,72,583,26,17,25,29,54,24,52,118,24,23,15,126,22,42,32,156,49,44,57,157,110,15,66,115,25,2302
2,17,43,13,6,22,300,4,16,2,34,6,8,19,132,12,4,11,30,16,33,18,94,20,16,37,85,62,6,26,35,14,1143
5,14,33,20,11,12,120,6,14,2,18,13,16,25,49,17,8,6,26,14,19,11,69,10,21,26,48,64,19,23,49,12,800
16,67,131,29,25,93,626,41,17,24,47,57,29,72,186,33,32,21,144,43,48,35,201,58,71,118,221,146,14,93,125,23,2886
11,44,106,34,14,64,665,28,16,29,30,49,24,65,147,16,25,12,137,42,58,42,168,40,81,94,189,149,11,81,147,18,2636
13,40,135,26,17,79,655,32,12,22,36,45,20,44,134,20,32,13,77,50,41,38,170,45,66,87,190,147,11,98,160,18,2573
12,50,88,32,35,68,544,30,23,33,37,46,37,60,129,27,15,9,125,23,45,40,164,41,44,93,154,158,15,76,192,11,2456
11,48,123,26,18,38,641,24,14,20,17,31,25,43,137,25,28,8,106,35,40,19,140,51,75,77,201,127,14,73,192,6,2433
5,20,46,13,14,21,282,9,22,4,11,5,11,15,72,14,5,6,42,23,30,9,101,20,19,40,108,59,5,35,62,5,1133
4,13,56,14,6,24,112,6,19,16,10,6,7,23,82,16,10,14,33,12,18,7,86,16,19,30,103,47,3,42,74,3,931
9,89,154,41,33,64,635,18,23,23,43,37,30,65,168,16,21,19,121,28,43,34,219,51,85,100,299,182,9,117,234,15,3025
11,55,155,43,11,54,674,29,17,19,27,33,21,47,150,22,21,12,100,23,37,21,206,51,69,113,211,186,10,99,231,12,2770
9,59,167,53,29,60,682,28,29,17,40,27,12,67,137,14,8,17,88,19,46,15,187,41,64,95,255,173,7,100,221,15,2781
12,36,132,27,24,56,595,20,9,12,40,18,14,69,129,17,15,11,111,31,31,24,186,32,71,109,266,177,9,96,239,13,2631
9,43,170,32,29,49,635,25,16,9,27,16,25,46,140,15,17,14,134,24,44,21,186,46,67,115,227,168,12,130,246,8,2745
8,21,81,20,13,25,310,11,8,5,18,16,18,15,84,6,6,7,57,15,21,5,125,20,30,60,139,82,1,44,70,5,1346
3,10,50,10,9,9,106,6,10,6,12,15,17,27,59,4,7,1,37,18,15,7,94,16,15,24,64,71,1,50,62,1,836
11,53,255,42,37,55,838,32,20,28,30,29,21,63,176,19,11,21,161,56,36,30,197,49,134,161,376,218,5,139,337,13,3653
13,42,254,45,41,50,884,36,11,17,51,31,22,46,191,16,11,19,133,44,44,30,247,47,106,161,340,203,9,111,292,14,3561
5,34,250,59,20,54,888,35,17,46,42,21,18,40,194,14,15,20,103,29,32,9,205,37,85,139,283,242,2,124,283,9,3354
21,22,295,42,24,50,776,33,13,18,38,23,17,49,152,16,12,13,130,39,24,17,217,30,99,168,241,226,3,113,295,15,3231
5,55,266,47,36,35,786,21,14,51,32,25,21,51,162,18,14,28,119,23,42,13,163,49,102,155,287,230,4,102,266,10,3232
0,10,149,25,22,14,437,8,15,8,18,14,7,30,132,8,6,8,37,25,25,4,116,16,55,64,197,92,3,66,86,4,1701
1,16,135,28,20,17,148,5,3,3,16,9,8,17,56,5,5,5,25,13,22,8,79,14,31,51,134,77,0,58,76,5,1090
11,68,405,81,51,53,955,32,7,25,50,25,26,74,219,8,17,26,134,63,30,22,189,41,160,211,388,273,6,146,332,15,4143
10,54,395,58,34,48,957,33,11,18,27,18,13,43,198,11,23,28,125,27,28,22,183,44,146,191,340,307,13,117,299,13,3834
4,68,466,88,30,28,992,34,19,22,39,23,27,35,198,16,15,14,136,40,42,21,227,36,150,169,342,227,2,123,266,9,3908
8,51,409,75,39,21,1052,33,19,18,22,25,17,48,220,20,13,19,119,43,37,19,168,57,127,192,345,267,3,135,276,7,3904
5,28,402,60,42,32,1078,35,9,11,30,14,22,69,220,13,12,28,107,37,31,16,229,40,152,184,308,287,1,140,285,5,3932
1,8,186,29,25,11,608,12,6,2,7,5,12,18,102,7,1,12,60,51,20,12,140,23,68,89,244,117,2,72,96,4,2050
4,19,107,37,17,7,216,13,3,2,6,7,6,38,62,5,5,2,40,16,18,10,134,16,41,61,111,109,2,62,89,2,1267
10,69,490,94,47,40,1324,37,17,22,45,40,21,89,334,28,23,32,179,33,42,16,248,68,208,295,415,336,11,230,373,14,5230
12,56,411,87,47,33,1478,24,14,21,44,32,26,74,319,14,12,19,123,60,43,29,311,59,209,216,387,331,2,209,400,15,5117
7,49,407,99,48,27,1498,26,29,27,45,33,18,87,332,28,8,18,174,92,35,30,289,44,182,252,374,347,10,226,373,17,5231
8,46,374,111,51,41,1569,29,23,23,35,39,43,90,329,23,20,22,158,84,43,17,308,54,218,242,372,290,7,230,330,11,5240
6,53,442,90,40,30,1519,29,18,11,20,42,41,114,382,17,11,30,149,95,38,26,288,63,192,207,400,262,5,231,307,2,5160
2,18,233,37,14,13,969,11,6,5,8,16,12,45,221,12,9,10,69,51,29,21,154,26,77,108,186,132,3,106,109,6,2718
2,20,95,33,28,5,379,8,7,5,7,25,14,40,86,17,5,9,48,36,21,11,151,9,75,104,142,99,3,93,99,3,1679
13,74,577,130,56,43,1933,34,21,31,74,67,40,161,480,43,20,40,236,124,47,34,340,49,290,292,473,359,4,346,411,15,6857
19,54,440,88,51,37,1909,39,30,31,55,69,42,144,492,34,31,60,208,104,39,27,290,68,287,287,442,298,8,311,320,22,6336
16,58,393,85,46,42,1920,51,31,30,43,70,42,142,484,34,21,40,211,109,39,61,285,53,292,219,369,295,10,311,329,9,6140
10,46,344,89,34,37,2201,26,21,24,63,74,35,163,500,34,37,46,241,121,61,63,263,61,321,238,356,267,7,319,260,6,6368
7,50,355,68,44,53,2272,35,20,30,65,88,49,131,630,42,13,62,220,150,47,59,328,55,331,204,334,266,12,311,247,4,6582
2,16,186,42,20,14,1349,19,5,7,37,37,27,70,259,30,7,36,126,75,29,15,202,28,143,113,126,124,2,165,89,6,3406
5,16,136,34,12,17,536,6,10,7,24,72,23,77,172,16,7,20,72,82,29,25,167,22,142,62,116,89,4,146,70,12,2228
15,71,435,117,52,63,3010,63,41,50,93,238,101,315,791,59,32,85,331,179,94,115,339,65,473,243,398,323,5,472,352,30,9050
16,68,441,113,52,53,3118,59,41,45,150,221,82,351,841,56,30,104,315,179,61,108,342,73,496,268,317,279,9,476,319,31,9114
13,69,419,130,62,97,3437,58,41,47,163,293,114,366,867,66,54,106,336,165,84,106,388,87,532,254,349,277,13,473,326,26,9818
20,40,354,72,54,83,3468,66,44,49,115,333,109,374,905,81,68,118,335,171,121,113,399,89,588,229,321,246,16,484,290,48,9803
19,54,369,78,60,68,3209,106,36,50,144,317,109,419,1056,65,100,116,400,177,123,91,339,78,670,294,355,265,21,509,291,46,10034
4,23,195,38,37,32,1989,43,24,5,83,225,51,144,347,33,11,54,165,148,82,24,233,43,319,146,149,122,10,246,91,10,5126
4,16,113,29,33,20,853,17,20,6,76,131,56,172,226,46,21,55,93,118,58,46,170,34,246,131,90,110,6,222,79,10,3307
33,56,471,120,79,104,4157,135,76,96,220,480,151,650,1405,186,133,137,585,262,141,153,402,150,819,368,393,321,45,596,369,60,13353
49,66,415,91,112,106,4581,106,98,86,289,474,186,679,1373,166,83,159,530,274,134,160,420,159,764,348,390,288,20,567,317,58,13548
40,62,300,119,91,86,4401,131,102,115,228,421,153,697,1329,142,88,248,637,293,172,173,399,133,764,394,372,266,42,547,286,66,13297
32,72,301,107,104,92,4018,136,109,90,227,551,190,750,1322,175,100,245,626,250,150,181,439,194,677,332,385,262,38,528,296,85,13064
58,89,281,92,113,80,4054,130,113,128,222,443,177,712,1592,206,145,259,631,314,135,200,398,187,709,360,386,256,37,568,256,50,13381
14,26,137,26,59,30,2308,59,54,34,192,190,118,300,526,68,24,102,258,168,104,67,267,77,327,172,186,113,16,305,90,19,6436
9,16,134,34,52,22,868,45,69,39,150,236,97,246,332,61,22,114,213,154,79,70,191,54,257,130,133,86,15,271,88,33,4320
75,89,371,115,119,119,5141,208,154,125,292,604,250,1052,1903,221,198,407,829,345,230,250,434,282,761,419,484,343,50,703,346,140,17059
70,90,310,105,146,126,5036,197,185,153,269,563,228,1124,1869,231,204,415,787,291,236,251,499,251,781,355,384,307,61,793,313,178,16808
65,73,290,100,148,128,4902,181,210,148,377,539,237,1081,1843,220,161,391,796,301,225,242,458,344,701,350,479,249,82,828,274,130,16553
64,89,278,118,124,108,4948,183,211,148,290,820,244,1079,1994,304,139,465,889,328,245,276,424,362,787,379,511,235,61,743,249,145,17240
60,100,279,102,200,140,4395,201,243,178,286,614,260,994,1882,270,91,534,904,314,256,299,445,384,754,356,454,230,56,825,271,133,16510
14,39,111,54,92,44,2741,86,133,55,145,219,156,468,643,105,36,216,385,156,189,62,286,181,258,187,271,108,37,372,76,55,7980
11,35,84,41,54,19,1209,51,98,42,139,327,165,386,493,113,44,212,290,151,163,65,232,89,257,166,173,113,29,370,83,28,5732
119,117,348,147,193,140,5445,258,297,233,459,804,364,1431,2348,399,152,540,1138,385,353,355,495,525,779,530,596,335,69,824,326,154,20658
118,107,291,136,190,127,5157,264,331,235,455,700,357,1259,2136,358,121,546,1207,401,336,321,505,512,705,471,607,336,100,904,283,180,19756
93,113,288,149,159,123,4752,305,354,243,330,548,345,1267,1843,320,144,434,1095,377,282,352,498,542,571,496,654,364,100,786,233,176,18336
94,109,266,151,196,137,5124,266,373,286,353,681,306,1235,2013,363,137,393,1029,366,354,311,490,493,514,511,651,304,123,776,219,218,18842
79,106,252,118,189,101,4410,302,355,225,382,622,298,1092,1734,358,152,318,1119,339,370,305,444,532,509,399,601,309,111,761,257,173,17322
10,27,93,60,99,28,2288,131,150,51,137,322,184,346,652,146,45,172,420,144,220,106,307,286,189,216,288,122,28,413,98,65,7843
34,31,61,51,87,38,1104,79,183,55,174,296,162,347,494,216,48,169,359,176,211,113,248,172,211,182,268,133,59,393,61,60,6275
155,129,272,193,199,124,4983,338,330,374,512,593,381,1184,2117,364,152,527,1493,410,462,387,492,731,463,459,819,475,119,933,336,175,20681
140,114,243,158,203,117,4747,324,355,305,459,621,341,1109,2041,455,108,594,1357,364,427,427,426,702,409,451,821,452,124,875,258,197,19724
134,137,187,143,202,103,4259,296,356,294,494,619,389,1074,1829,511,176,473,1255,335,487,410,425,679,390,426,817,430,125,791,251,183,18680
73,132,184,178,168,100,4193,301,411,251,411,616,376,896,1683,416,135,478,1370,365,548,355,404,626,335,417,794,430,124,743,234,205,17952
90,137,206,152,176,100,3836,279,391,403,422,537,368,822,1608,425,130,413,1209,299,498,366,346,635,323,426,764,449,138,744,236,179,17107
37,36,66,80,93,26,2246,140,166,48,172,144,162,253,565,150,35,142,472,165,278,130,274,375,171,190,403,157,86,379,86,46,7773
23,39,35,60,75,20,1006,107,209,36,184,283,159,315,405,148,44,172,399,148,207,108,216,177,124,150,272,119,56,297,65,59,5717
134,159,166,194,178,134,3978,299,409,327,541,484,438,1056,1568,456,167,451,1417,416,596,502,320,629,343,391,818,509,131,604,318,263,18396
98,111,142,162,125,93,3888,282,401,220,430,316,336,733,1385,322,124,238,1262,266,456,376,218,439,230,364,266,387,85,368,257,305,14685
25,67,103,54,51,26,2579,98,245,97,184,215,150,226,688,169,65,233,453,161,323,158,102,238,85,184,136,158,31,125,166,120,7715
