"Ciudad de Mexico","Acapulco","Campeche","Cancun","Chichen Itza","Chihuahua","Cozumel","Cuernavaca","Guadalajara","Hermosillo","Isla Mujeres","Ixtapa Zihuatanejo","La Paz","Los Cabos","Merida","Monterrey","Morelia","Nuevo Vallarta","Oaxaca de Juarez","Playa del Carmen","Puebla","Puerto Vallarta","Queretaro","San Luis Potosi","San Miguel de Allende","Taxco","Tequila","Tlaxcala","Tuxtla Gutierrez","Villahermosa","Zacatecas","fecha"
0,0,0,0,0,0,0,0,0,0,0,0,0,0,0,0,0,0,0,0,0,0,0,0,0,0,0,0,0,0,0,2020-03-17
0,0,0,0,0,0,0,0,0,0,0,0,1,0,0,0,0,0,0,0,0,0,0,0,0,0,0,0,0,0,0,2020-03-18
0,0,0,0,0,0,0,0,0,0,0,0,0,0,0,0,0,0,0,0,0,0,0,0,0,0,0,0,0,0,0,2020-03-19
0,0,0,0,0,0,0,0,1,0,0,0,0,0,0,0,0,0,0,0,0,0,0,0,0,0,0,0,0,0,0,2020-03-20
0,0,0,0,0,0,0,0,0,0,0,0,0,0,0,0,0,0,0,0,0,0,0,0,0,0,0,0,0,0,0,2020-03-21
1,0,0,0,0,0,0,0,0,0,0,0,0,0,0,0,0,0,0,0,0,0,0,0,0,0,0,0,0,0,0,2020-03-22
1,0,0,0,0,0,0,0,0,0,0,0,0,0,0,0,0,0,0,0,0,0,0,0,0,0,0,0,0,0,0,2020-03-23
0,0,0,0,0,0,0,0,0,0,0,0,0,0,1,0,0,0,0,0,0,0,0,1,0,0,0,0,0,0,0,2020-03-24
1,0,0,0,0,0,0,0,0,0,0,0,0,0,0,0,0,0,0,0,0,0,0,1,0,0,0,0,0,0,0,2020-03-25
3,0,0,1,0,0,0,0,0,0,0,0,0,0,0,0,0,0,0,0,0,0,0,0,0,0,0,0,0,0,0,2020-03-26
4,0,0,1,0,0,0,0,0,0,0,0,0,0,0,0,0,0,0,0,1,0,0,0,0,0,0,0,0,0,0,2020-03-27
2,1,0,0,0,0,1,0,0,0,0,0,0,0,0,0,0,0,0,0,0,0,0,0,0,0,0,0,0,0,0,2020-03-28
2,0,0,0,0,0,0,1,0,0,0,0,0,0,0,0,0,0,0,0,0,0,0,0,0,0,0,0,0,0,0,2020-03-29
4,0,0,0,0,0,0,0,0,0,0,0,0,0,0,0,0,0,0,0,0,0,0,1,0,0,0,0,0,0,0,2020-03-30
7,0,0,0,0,1,0,1,0,0,0,0,0,0,0,0,0,0,0,2,0,1,0,0,0,0,0,0,0,1,0,2020-03-31
6,0,0,1,0,0,0,0,0,0,0,0,0,0,0,0,0,0,0,0,0,0,0,0,0,0,0,0,0,1,0,2020-04-01
6,0,0,1,0,0,0,0,0,0,0,0,0,0,0,0,0,0,0,1,1,1,1,0,0,0,0,0,0,0,0,2020-04-02
7,0,0,1,0,0,0,0,0,0,0,0,0,0,2,0,1,0,0,0,0,0,0,0,0,0,0,0,0,1,0,2020-04-03
7,0,0,1,0,0,0,0,0,0,0,0,0,0,0,0,1,0,0,0,3,0,0,0,0,0,0,0,0,1,0,2020-04-04
6,0,0,0,0,0,0,0,0,0,0,0,0,0,0,1,0,0,0,1,0,0,0,0,0,0,0,0,0,3,0,2020-04-05
16,0,0,4,0,0,0,0,0,0,0,0,0,0,1,0,1,0,0,0,2,0,0,0,0,0,0,0,0,1,0,2020-04-06
11,0,0,0,0,1,0,0,0,0,0,0,1,0,0,1,0,0,0,1,9,0,0,0,0,0,0,0,0,0,0,2020-04-07
6,0,0,0,0,1,0,0,0,0,0,0,1,1,0,0,0,1,0,1,1,1,0,0,0,0,0,0,0,0,0,2020-04-08
17,1,0,3,0,0,0,0,0,1,0,0,0,0,0,0,0,0,0,3,1,0,0,0,0,0,0,0,0,1,0,2020-04-09
27,0,0,1,0,0,0,0,1,0,0,0,0,0,0,0,0,0,0,1,3,0,0,0,0,0,0,0,0,1,0,2020-04-10
24,0,0,2,0,0,0,0,0,0,0,0,0,1,0,0,0,0,0,0,3,0,1,0,0,0,1,0,0,0,0,2020-04-11
13,0,0,5,0,2,0,0,0,0,0,0,0,1,0,0,0,0,0,0,2,0,0,0,0,0,0,0,0,2,0,2020-04-12
18,0,0,5,0,1,0,1,0,0,0,0,0,0,1,1,1,0,0,1,3,0,0,0,0,0,0,0,0,1,0,2020-04-13
27,1,0,2,0,0,0,0,0,0,0,0,0,0,0,0,0,0,0,1,4,0,1,0,0,0,0,0,0,3,0,2020-04-14
27,1,0,0,0,0,0,0,0,0,0,0,1,0,3,0,0,0,0,0,1,0,1,0,0,2,0,0,0,3,0,2020-04-15
28,0,0,3,0,0,0,0,1,0,0,0,1,0,1,0,0,0,1,1,2,0,0,0,0,0,0,0,0,0,0,2020-04-16
25,0,0,3,0,0,0,2,0,1,0,0,0,1,0,0,0,0,0,0,3,0,0,1,0,0,0,0,0,7,0,2020-04-17
31,1,0,3,0,0,1,0,0,0,0,0,1,1,0,0,0,0,0,1,3,0,0,0,0,1,0,0,0,6,0,2020-04-18
42,1,1,5,0,0,0,2,0,0,0,0,0,0,1,0,0,0,0,3,5,0,0,0,0,0,0,0,0,5,0,2020-04-19
44,0,0,8,0,2,1,3,0,0,0,0,3,0,2,0,0,0,0,1,6,0,0,0,0,1,0,0,0,3,0,2020-04-20
54,1,0,8,0,3,0,3,0,0,0,0,0,1,1,0,0,0,0,0,2,0,1,0,0,0,0,0,0,4,0,2020-04-21
43,1,1,4,0,1,1,1,0,0,0,0,2,0,1,1,0,0,0,1,2,2,0,0,0,1,0,0,0,6,0,2020-04-22
62,0,0,7,0,0,0,3,0,0,0,0,1,0,2,1,0,0,3,1,2,1,0,0,0,0,0,0,1,8,0,2020-04-23
67,0,2,13,0,2,2,1,2,0,0,0,3,0,0,1,0,0,0,1,8,0,0,0,0,0,0,0,0,5,0,2020-04-24
84,1,2,9,0,1,0,5,0,1,0,0,4,1,1,0,0,0,0,1,2,0,1,0,0,0,0,0,0,5,0,2020-04-25
85,1,0,7,0,3,0,3,0,0,1,0,2,1,2,0,1,0,0,4,2,0,0,1,0,0,0,1,0,5,0,2020-04-26
74,3,0,13,0,3,0,3,1,1,0,0,3,0,0,0,0,0,0,1,1,0,0,0,0,0,0,0,0,4,0,2020-04-27
74,1,0,9,0,0,1,1,0,1,0,0,2,0,0,2,0,0,0,0,6,1,0,0,0,0,0,0,0,7,0,2020-04-28
119,1,0,10,0,3,0,7,0,0,0,0,4,0,2,0,0,0,0,2,9,0,0,1,0,0,0,0,0,9,0,2020-04-29
111,2,0,9,0,1,0,0,2,0,0,0,3,0,0,1,1,0,0,2,2,0,1,0,0,0,0,0,1,5,0,2020-04-30
117,0,1,13,0,3,0,9,0,0,0,0,6,0,2,0,0,0,0,1,4,0,1,0,0,1,0,0,1,7,0,2020-05-01
83,3,0,4,0,2,0,3,3,0,0,0,1,0,2,1,0,0,0,0,0,0,1,0,0,1,0,2,1,10,1,2020-05-02
108,1,0,7,0,1,0,3,0,0,0,0,3,0,2,1,0,1,0,1,6,1,2,0,0,0,0,0,0,9,0,2020-05-03
111,1,0,2,0,4,0,7,1,1,0,0,3,0,2,1,0,0,1,2,6,1,2,0,0,0,0,0,0,6,0,2020-05-04
120,1,0,6,0,1,0,5,1,0,1,0,5,0,2,1,0,0,0,1,5,1,1,0,0,1,0,0,0,4,0,2020-05-05
125,3,0,5,0,2,0,3,3,0,0,0,3,0,2,1,0,0,0,5,1,0,2,0,0,3,0,0,0,9,0,2020-05-06
110,2,0,6,0,3,0,7,1,1,0,0,2,0,1,0,1,1,0,1,7,0,0,0,0,2,0,0,0,4,0,2020-05-07
121,2,0,4,0,4,0,5,0,0,0,0,4,0,0,0,0,0,2,1,5,0,0,0,0,0,0,0,0,14,0,2020-05-08
109,1,0,6,0,2,0,11,1,0,0,0,1,0,1,0,0,0,0,1,2,0,0,1,0,3,0,0,0,9,0,2020-05-09
133,2,0,7,0,0,0,4,2,0,0,0,4,0,3,0,1,0,0,1,1,0,2,0,0,1,0,0,3,8,0,2020-05-10
123,2,1,6,0,0,0,4,1,1,0,0,3,0,3,0,0,0,1,0,10,1,1,1,0,2,0,0,0,10,0,2020-05-11
143,2,0,11,0,3,0,7,4,0,0,0,6,0,3,0,0,0,1,3,9,0,3,0,0,1,0,0,2,5,0,2020-05-12
128,5,1,4,0,1,0,6,1,1,0,0,4,0,3,1,1,0,1,2,8,1,1,0,0,0,0,1,1,9,0,2020-05-13
152,7,0,9,0,2,0,3,1,1,0,0,1,1,4,0,1,1,0,2,8,1,0,1,0,0,0,0,0,6,0,2020-05-14
146,10,0,9,0,2,0,2,3,0,0,0,4,0,0,2,0,0,2,0,9,0,3,1,0,0,0,0,0,11,1,2020-05-15
148,4,0,5,0,2,0,2,5,1,0,0,5,0,2,1,0,0,0,1,11,0,5,1,0,0,0,2,0,13,0,2020-05-16
158,8,0,5,0,1,0,4,3,0,0,0,6,0,1,1,1,0,3,1,8,3,4,1,0,1,0,1,0,8,0,2020-05-17
162,14,1,5,0,1,0,4,2,0,1,0,2,1,2,1,0,0,0,2,5,0,1,0,0,1,0,1,1,10,0,2020-05-18
140,6,0,6,0,1,0,4,0,1,0,0,1,0,2,0,2,0,3,1,14,0,2,0,0,0,0,0,3,12,1,2020-05-19
125,18,1,4,0,0,0,3,1,1,0,0,4,0,9,4,1,0,1,1,12,1,2,1,0,0,0,0,2,9,0,2020-05-20
171,8,0,3,0,2,1,5,2,0,0,0,2,0,2,0,1,0,1,1,12,0,6,0,0,1,0,1,1,7,0,2020-05-21
132,8,0,3,1,2,1,7,1,1,0,0,3,0,3,0,0,0,1,1,21,0,2,0,0,0,0,1,1,16,0,2020-05-22
136,17,0,3,0,0,0,2,3,4,0,0,2,0,5,0,0,0,3,1,16,0,4,0,0,1,0,0,0,8,0,2020-05-23
144,22,0,10,0,1,1,3,2,5,0,0,6,0,2,0,0,0,4,1,11,0,1,1,0,1,0,4,2,11,0,2020-05-24
143,22,1,6,0,1,0,1,3,5,0,0,6,0,7,3,2,0,5,0,11,2,1,3,0,0,0,1,2,8,0,2020-05-25
135,15,0,6,1,2,0,1,0,6,0,0,2,1,6,3,0,0,1,0,12,1,2,2,0,0,0,1,0,7,0,2020-05-26
124,20,0,6,0,1,0,1,3,2,0,0,2,1,3,0,0,0,2,1,11,1,3,1,0,1,0,0,7,6,0,2020-05-27
135,17,0,5,0,1,1,1,2,3,0,0,2,0,4,2,1,0,3,0,18,0,0,1,0,1,0,2,5,12,0,2020-05-28
120,16,0,6,1,1,0,0,2,4,0,0,6,0,4,0,1,0,4,2,15,1,6,1,1,0,0,0,4,10,1,2020-05-29
120,11,0,4,0,0,0,0,6,3,0,0,3,0,3,1,0,1,4,2,13,3,1,1,0,1,0,0,6,10,0,2020-05-30
138,19,0,5,0,1,1,1,4,3,0,0,9,0,6,2,1,1,5,1,17,2,5,1,0,0,0,2,4,6,0,2020-05-31
130,17,0,11,0,2,1,3,7,8,0,0,5,1,8,0,0,0,6,0,22,1,4,2,0,0,0,4,7,12,0,2020-06-01
123,20,0,5,0,1,0,0,7,5,0,0,3,0,4,1,0,1,4,0,24,1,3,0,1,0,0,0,8,9,0,2020-06-02
127,7,0,4,0,2,0,1,8,6,0,1,4,0,3,1,1,0,3,0,14,2,2,2,0,1,0,1,7,8,0,2020-06-03
123,10,1,4,0,5,1,1,11,7,0,0,2,1,4,1,0,1,2,0,17,0,5,4,0,0,0,2,6,9,1,2020-06-04
113,17,1,5,0,0,0,3,8,11,0,1,3,1,0,0,3,0,2,2,13,1,3,2,0,0,0,0,8,6,1,2020-06-05
124,5,0,7,0,2,1,3,9,3,0,0,1,0,3,3,0,2,7,0,27,2,6,0,0,2,0,0,5,5,0,2020-06-06
114,14,1,10,0,0,0,1,14,6,0,1,1,0,3,1,1,0,2,0,17,1,6,2,0,3,0,0,9,6,0,2020-06-07
133,18,2,3,0,3,0,3,8,3,0,0,4,0,2,0,0,0,5,1,20,1,2,3,1,0,0,2,9,8,0,2020-06-08
110,9,1,4,0,2,1,5,13,10,0,0,1,0,3,2,0,2,8,0,25,1,3,1,0,1,0,0,11,4,0,2020-06-09
119,19,1,6,0,2,0,2,8,8,0,1,1,0,6,3,0,2,5,1,26,0,1,1,0,0,0,2,3,8,0,2020-06-10
120,14,1,5,0,4,0,1,12,12,0,0,3,2,5,1,1,1,4,1,15,3,4,4,0,0,0,5,4,6,0,2020-06-11
128,10,2,6,0,2,0,5,12,12,0,0,4,2,3,1,0,1,7,0,27,2,4,1,0,1,0,1,7,8,1,2020-06-12
129,18,2,2,0,0,1,0,4,11,0,1,2,1,3,3,0,0,6,0,30,2,8,1,0,2,0,1,6,6,0,2020-06-13
114,16,0,6,0,2,1,1,14,11,0,1,3,2,5,0,1,1,4,0,27,1,3,0,0,0,0,0,4,7,1,2020-06-14
85,8,1,5,0,1,0,0,10,17,0,2,1,1,5,3,2,0,3,1,22,0,4,0,0,0,0,1,3,6,1,2020-06-15
124,12,2,2,0,1,1,1,8,14,0,0,1,1,2,5,4,0,3,0,25,1,4,3,0,0,0,1,10,11,0,2020-06-16
113,12,4,5,0,2,0,2,8,11,0,1,4,0,4,4,3,0,3,1,33,5,4,1,0,1,0,0,4,2,1,2020-06-17
100,12,2,4,0,1,1,1,8,17,0,0,2,0,6,1,1,1,3,1,27,2,6,1,0,2,0,1,7,9,0,2020-06-18
98,18,2,4,0,2,1,0,12,11,0,2,4,0,1,2,0,2,1,0,14,1,3,1,1,0,0,0,5,5,0,2020-06-19
75,7,4,4,0,1,0,0,15,23,0,0,3,0,2,2,3,2,1,1,24,3,5,0,0,0,0,0,9,5,1,2020-06-20
98,7,1,6,0,1,2,2,19,10,0,2,2,0,6,3,1,2,5,0,32,1,2,4,0,0,0,0,6,8,0,2020-06-21
76,16,4,7,0,1,0,1,12,15,0,0,0,1,3,6,1,2,3,1,35,1,4,2,0,0,0,0,4,7,0,2020-06-22
74,10,6,4,0,0,0,1,10,25,0,0,4,0,4,5,2,0,4,0,23,3,4,3,0,1,0,2,5,9,0,2020-06-23
62,5,5,3,0,2,1,2,9,22,0,1,2,0,11,4,2,0,1,4,17,3,2,6,1,0,0,1,9,5,0,2020-06-24
64,5,2,7,0,2,0,0,16,20,0,1,1,0,6,2,0,0,3,2,18,1,3,3,1,0,0,0,5,7,0,2020-06-25
74,9,5,6,0,2,0,2,7,17,0,2,2,0,6,7,1,0,1,1,18,3,4,2,1,1,0,1,6,7,0,2020-06-26
89,11,8,4,0,0,0,1,14,19,0,1,3,1,2,5,4,1,3,1,19,0,5,1,0,0,0,3,9,10,0,2020-06-27
68,12,4,8,0,1,0,0,11,24,0,2,4,0,3,4,4,0,2,0,21,2,2,4,0,0,0,1,10,7,1,2020-06-28
58,4,7,9,0,1,0,3,13,12,0,8,1,0,7,3,2,1,0,0,21,2,4,1,0,1,0,2,7,8,1,2020-06-29
72,12,4,8,0,0,0,1,11,13,0,0,1,1,15,7,1,2,3,0,22,2,4,5,0,0,0,3,7,11,1,2020-06-30
82,7,4,7,0,0,1,1,15,22,0,1,3,0,9,6,4,2,2,3,22,2,3,2,0,0,0,4,2,4,0,2020-07-01
64,7,9,6,0,0,0,1,3,16,0,0,1,2,10,10,3,0,0,1,21,4,6,3,0,0,0,2,4,13,2,2020-07-02
67,7,7,8,0,1,0,3,13,18,0,2,3,1,9,5,3,1,3,2,38,2,3,2,0,0,0,0,7,12,1,2020-07-03
78,10,2,4,0,1,0,1,18,15,0,3,1,1,6,9,1,0,4,0,30,1,5,1,0,0,0,0,2,7,0,2020-07-04
67,3,2,11,0,2,1,0,15,16,0,2,2,0,6,13,2,0,6,3,26,4,3,0,0,0,0,1,9,10,0,2020-07-05
80,5,4,6,0,4,1,0,11,20,0,1,0,0,15,12,1,1,1,0,27,3,4,4,1,0,0,0,1,21,1,2020-07-06
80,12,8,6,0,4,0,0,13,23,0,1,3,0,7,8,2,2,2,5,26,4,7,4,0,1,0,1,4,17,1,2020-07-07
51,5,7,8,0,1,1,2,14,27,0,0,1,0,10,14,1,1,2,1,27,1,7,2,0,0,0,3,4,14,1,2020-07-08
66,5,13,14,0,2,1,1,14,23,1,1,2,0,6,13,0,1,3,3,19,3,3,5,0,0,0,0,5,11,1,2020-07-09
49,5,10,14,0,4,1,1,9,25,0,1,2,0,11,7,2,1,2,2,23,1,2,4,1,1,1,1,7,16,0,2020-07-10
61,3,6,8,0,3,2,1,13,21,0,5,1,0,12,7,3,1,1,1,12,0,0,1,0,2,0,1,8,13,1,2020-07-11
71,4,8,10,0,2,0,0,9,22,0,0,1,1,10,8,2,0,5,4,23,2,5,5,1,0,0,2,5,15,0,2020-07-12
57,10,7,8,0,4,1,2,12,22,0,1,1,2,11,16,5,1,4,1,28,4,7,4,0,0,0,0,2,11,0,2020-07-13
73,11,5,18,0,1,2,0,8,18,0,2,3,2,9,11,3,3,0,0,23,2,2,6,0,2,0,4,8,13,0,2020-07-14
72,5,5,11,0,0,1,0,9,20,0,4,1,4,19,16,2,0,4,1,16,4,3,7,0,0,0,3,5,11,1,2020-07-15
58,5,8,4,0,3,2,0,9,23,0,0,0,2,15,8,4,0,0,2,27,0,7,7,0,0,0,5,5,12,1,2020-07-16
56,8,6,11,0,1,3,0,11,9,0,1,0,1,14,11,5,1,1,1,21,1,5,5,0,0,0,1,6,17,0,2020-07-17
65,5,3,7,0,0,3,0,17,14,0,1,0,1,14,14,0,0,0,2,24,4,3,6,2,0,0,1,2,16,1,2020-07-18
58,5,9,11,0,3,2,2,10,14,0,1,4,0,9,13,1,1,2,1,31,4,5,7,0,0,0,1,1,18,1,2020-07-19
55,9,5,17,1,8,2,1,12,21,0,0,2,0,18,13,2,1,1,2,23,3,4,5,0,0,0,5,6,13,0,2020-07-20
56,5,8,13,0,1,0,1,6,23,1,1,0,4,21,17,0,3,4,1,20,4,3,15,0,0,0,0,2,15,1,2020-07-21
43,4,4,5,0,3,1,0,7,13,1,2,2,2,24,18,2,0,1,1,29,2,8,9,0,1,0,3,2,13,0,2020-07-22
54,7,7,10,0,1,0,1,10,24,1,3,1,3,15,14,1,0,0,3,24,4,4,14,2,0,0,1,2,8,1,2020-07-23
45,5,5,10,0,2,0,3,8,13,0,2,1,4,12,16,4,0,1,3,26,7,1,5,0,0,0,3,1,5,2,2020-07-24
61,8,4,11,0,0,0,0,14,9,1,2,0,3,15,13,3,0,2,0,30,4,5,14,0,0,0,1,1,16,3,2020-07-25
53,8,6,9,0,4,1,1,12,13,0,0,0,5,10,13,4,2,0,0,33,4,6,11,0,1,0,4,3,8,1,2020-07-26
53,4,5,10,0,2,2,0,12,15,0,0,1,2,15,16,5,2,2,1,24,2,4,11,0,0,0,1,4,18,1,2020-07-27
49,4,4,13,0,2,1,0,13,15,0,0,2,2,26,13,3,3,2,0,26,6,4,16,0,1,0,2,1,8,1,2020-07-28
35,2,6,8,0,3,0,0,8,10,0,1,2,4,13,18,3,1,1,3,30,2,3,8,0,1,0,2,3,8,3,2020-07-29
60,5,2,9,1,2,1,0,14,11,0,2,3,6,7,11,1,0,2,3,34,1,4,11,1,1,0,1,3,16,0,2020-07-30
48,5,5,15,0,2,0,3,7,8,0,1,1,0,13,13,2,2,1,0,18,0,5,15,1,0,0,3,4,10,0,2020-07-31
47,4,5,4,0,1,0,1,12,8,0,0,2,4,19,14,9,0,2,1,20,1,6,3,0,0,0,0,2,11,5,2020-08-01
55,7,4,11,0,3,2,1,8,6,0,3,2,1,15,19,5,4,3,2,22,1,10,13,1,0,0,2,2,12,2,2020-08-02
56,6,8,12,1,3,1,1,5,7,1,2,2,2,16,10,2,1,4,2,24,2,2,14,2,0,0,1,3,12,3,2020-08-03
55,9,3,9,1,4,3,1,10,9,0,0,0,1,22,17,1,0,0,4,21,6,2,14,0,2,0,6,2,5,1,2020-08-04
61,4,4,9,1,2,0,2,15,8,0,2,3,4,16,18,2,1,4,0,17,3,8,9,0,0,0,1,3,8,2,2020-08-05
42,4,4,6,0,2,0,0,14,7,0,1,1,0,15,19,5,1,2,1,22,4,6,8,1,0,0,0,1,11,1,2020-08-06
53,7,2,9,1,2,2,2,6,4,1,1,1,2,10,15,2,0,3,1,17,0,3,14,0,0,0,0,0,7,2,2020-08-07
65,4,0,11,0,2,0,0,10,9,0,0,1,7,14,13,0,1,0,1,16,3,3,14,0,0,0,4,2,9,4,2020-08-08
35,4,3,6,0,7,1,3,5,4,0,1,1,2,10,19,4,2,2,1,17,1,3,13,2,0,0,2,2,9,2,2020-08-09
46,3,2,8,1,2,2,4,5,2,0,1,1,1,16,10,4,1,0,4,25,2,9,10,0,1,0,0,0,10,3,2020-08-10
42,3,5,14,1,2,2,3,19,13,0,0,2,5,13,19,3,0,1,2,27,2,3,14,0,1,0,4,0,6,1,2020-08-11
45,0,4,8,0,1,0,0,11,7,0,1,0,3,10,20,5,0,3,2,26,1,3,15,0,0,0,1,3,9,1,2020-08-12
46,4,4,5,0,2,0,1,8,7,0,0,2,3,19,22,2,1,1,0,24,3,4,19,0,0,0,1,1,7,1,2020-08-13
46,0,6,5,0,1,3,3,9,8,0,1,0,2,9,7,6,0,2,0,21,1,7,20,0,1,0,1,1,9,0,2020-08-14
45,3,6,10,0,3,3,0,10,5,0,0,2,2,14,12,2,0,1,2,21,2,9,10,1,0,0,0,1,6,1,2020-08-15
42,6,2,7,0,3,0,2,8,7,0,0,0,4,11,14,6,0,2,0,17,4,5,9,0,1,0,2,1,12,0,2020-08-16
45,3,1,7,0,3,1,1,9,7,1,0,0,5,14,11,7,0,1,2,17,3,4,16,0,2,0,0,0,4,1,2020-08-17
47,4,1,7,0,1,0,2,7,3,1,0,0,6,8,7,6,1,3,3,12,5,10,5,0,1,0,2,1,5,1,2020-08-18
44,6,2,6,0,3,1,1,14,8,1,1,2,1,9,11,4,0,0,2,16,2,9,12,0,2,0,0,1,9,1,2020-08-19
49,4,0,8,0,3,0,0,11,4,0,1,0,4,7,14,5,0,3,3,16,3,4,15,0,0,0,1,2,6,0,2020-08-20
41,4,0,6,0,4,1,0,7,4,0,1,0,6,17,12,2,0,0,2,13,0,4,13,0,0,1,2,0,5,1,2020-08-21
45,4,2,5,1,2,1,1,8,3,0,0,0,0,14,14,5,2,0,0,13,0,11,16,0,0,0,1,1,5,4,2020-08-22
51,0,3,10,0,3,1,0,16,2,1,2,0,2,14,12,4,0,4,1,9,2,5,11,0,0,1,1,0,5,3,2020-08-23
45,2,1,8,0,1,1,0,11,4,1,1,2,2,7,10,4,0,2,1,18,1,4,24,0,2,0,0,0,7,1,2020-08-24
56,5,0,6,0,2,2,5,2,4,0,0,1,5,12,11,2,1,0,1,16,4,10,13,1,0,0,1,1,4,1,2020-08-25
44,4,3,7,1,1,1,1,10,3,0,1,2,2,7,11,11,0,2,1,12,1,6,15,0,0,1,2,1,3,2,2020-08-26
37,2,0,3,0,5,0,2,9,2,0,0,1,1,16,11,4,0,0,2,14,2,3,9,0,0,0,1,2,4,4,2020-08-27
50,2,0,2,0,3,1,4,4,6,0,1,0,1,7,12,3,0,1,0,9,1,2,12,0,0,0,2,0,2,2,2020-08-28
52,5,0,5,0,3,1,0,11,1,0,0,2,3,3,11,4,1,4,0,11,4,8,10,0,0,0,0,0,5,2,2020-08-29
46,1,2,8,0,1,2,0,7,3,0,0,0,2,12,13,4,2,2,0,9,1,13,8,0,0,0,1,0,6,0,2020-08-30
47,0,1,3,0,6,0,1,11,4,0,0,2,7,4,11,3,1,1,3,19,3,7,4,0,0,1,1,0,6,2,2020-08-31
61,2,1,2,0,2,0,2,12,2,0,0,0,2,9,11,4,0,3,1,5,2,5,11,0,0,0,3,1,4,1,2020-09-01
51,1,0,3,0,1,0,0,8,3,0,0,0,2,13,12,3,0,1,1,10,3,5,14,1,1,0,0,0,3,1,2020-09-02
46,4,1,9,0,2,0,2,6,4,0,0,2,3,8,14,3,0,2,2,12,1,5,9,0,0,1,0,1,7,1,2020-09-03
52,1,1,4,0,5,0,2,8,5,0,0,0,2,6,9,2,0,0,1,15,2,6,9,0,0,0,0,0,3,3,2020-09-04
49,4,1,3,0,1,1,1,7,1,0,0,0,0,5,11,4,0,0,1,17,1,10,7,0,0,0,1,2,0,0,2020-09-05
49,1,0,3,0,1,2,0,19,2,1,0,1,1,9,7,6,0,2,0,14,2,4,9,1,0,0,0,0,3,1,2020-09-06
45,6,1,7,0,3,0,0,8,3,0,1,1,0,6,7,2,1,1,2,8,2,13,9,0,1,0,0,0,4,2,2020-09-07
41,1,1,1,1,0,0,1,18,1,1,0,0,2,6,9,4,2,2,1,17,3,6,15,0,0,0,1,0,3,2,2020-09-08
49,5,0,4,0,5,0,2,15,2,0,1,3,3,7,5,6,1,2,0,13,0,6,17,0,0,0,0,0,5,5,2020-09-09
49,2,0,4,0,4,0,1,6,1,0,0,2,0,5,12,8,0,0,0,9,2,9,5,0,0,1,1,0,2,3,2020-09-10
55,2,1,3,0,2,0,1,7,2,0,0,1,0,4,6,5,0,1,1,13,2,8,6,0,0,0,0,0,3,1,2020-09-11
52,4,0,4,0,2,0,1,8,1,1,1,2,2,3,4,6,0,0,1,6,5,5,8,0,1,1,0,1,3,1,2020-09-12
47,6,0,3,0,2,2,3,10,4,0,2,2,1,2,5,2,0,3,2,11,0,7,5,1,0,0,2,0,1,1,2020-09-13
47,2,1,2,0,1,0,0,14,1,0,0,1,0,4,12,8,1,3,0,11,1,8,5,1,0,0,0,0,2,1,2020-09-14
59,6,2,2,0,2,0,1,9,0,1,1,1,1,7,8,4,1,1,0,10,0,3,15,0,0,0,0,0,3,1,2020-09-15
39,2,1,4,0,4,0,0,12,2,0,0,0,0,5,10,9,2,4,0,4,1,3,7,0,0,2,0,0,5,2,2020-09-16
44,4,2,2,0,4,0,1,14,1,0,0,1,2,2,15,7,0,2,0,13,1,3,5,1,0,0,1,1,1,0,2020-09-17
45,2,2,7,0,1,1,1,9,3,0,1,2,2,4,8,2,0,1,0,8,3,4,6,1,0,0,0,0,3,0,2020-09-18
42,2,0,2,0,4,1,1,16,4,1,0,3,1,1,7,8,0,1,0,11,2,4,8,0,0,0,0,0,5,0,2020-09-19
35,5,2,4,0,4,0,3,6,4,0,0,1,2,8,8,6,0,1,2,6,1,3,12,0,1,0,0,0,0,1,2020-09-20
38,8,2,7,0,5,0,2,8,0,0,0,0,0,5,8,2,0,1,0,5,0,6,12,0,0,0,0,0,6,0,2020-09-21
49,4,1,4,0,7,1,2,5,2,0,1,0,1,2,10,1,0,1,1,5,3,7,11,1,0,0,1,0,3,0,2020-09-22
54,11,0,4,0,3,0,1,6,3,1,1,1,2,3,14,5,0,1,0,11,0,3,6,0,0,0,1,0,3,4,2020-09-23
45,3,0,2,0,3,0,4,3,2,0,1,0,1,3,7,1,0,0,0,7,0,6,9,0,0,0,0,0,5,3,2020-09-24
44,2,1,10,0,6,0,2,6,1,0,1,3,0,3,9,4,0,1,0,9,2,3,7,1,1,0,1,0,2,1,2020-09-25
47,6,1,6,0,2,0,0,12,2,1,1,0,1,5,11,5,0,1,1,10,0,2,9,1,0,0,0,2,1,1,2020-09-26
56,6,1,3,0,2,0,0,7,3,0,0,0,0,4,9,3,0,1,1,13,0,5,7,0,0,0,0,0,5,1,2020-09-27
40,4,0,3,0,4,1,1,11,1,0,0,0,2,3,7,3,0,0,1,9,1,6,6,0,0,0,0,0,5,3,2020-09-28
56,2,1,3,0,4,0,1,9,3,0,2,3,1,3,10,3,0,4,0,8,4,8,2,2,0,0,0,0,4,0,2020-09-29
42,5,0,2,0,3,0,0,5,1,1,0,1,2,2,9,2,2,1,1,11,1,8,9,0,0,0,1,0,2,3,2020-09-30
39,5,0,2,0,9,0,2,6,0,0,1,0,2,5,5,5,1,2,1,8,1,2,5,0,0,0,0,0,2,0,2020-10-01
53,5,1,4,0,1,0,2,12,0,0,0,0,0,2,11,2,1,2,0,5,1,7,6,0,0,0,0,0,2,1,2020-10-02
47,8,0,5,0,4,0,1,10,1,0,2,0,2,1,11,3,1,2,0,4,1,5,5,0,1,0,1,0,1,3,2020-10-03
46,2,0,0,0,2,0,0,3,3,0,0,0,0,4,6,8,1,3,1,8,0,3,6,1,0,0,1,0,6,2,2020-10-04
62,4,0,3,0,5,0,1,8,1,0,1,1,0,1,8,1,0,3,0,5,3,7,4,0,0,0,0,0,4,1,2020-10-05
48,4,0,6,0,4,0,2,8,1,0,0,0,1,4,11,4,0,3,1,8,1,3,2,0,0,0,1,1,2,1,2020-10-06
37,4,0,1,0,3,1,1,9,2,1,1,1,1,5,3,4,0,2,0,3,0,7,11,2,0,0,0,0,2,1,2020-10-07
44,11,1,1,0,1,0,1,7,0,0,0,0,2,2,12,5,0,0,0,6,1,7,9,0,0,0,2,1,2,1,2020-10-08
44,7,0,3,0,0,0,2,12,1,0,1,1,0,2,6,4,1,1,0,4,0,1,6,0,0,0,1,0,2,3,2020-10-09
52,6,0,5,0,4,1,0,9,3,0,0,0,1,4,7,5,0,1,0,7,0,2,9,0,0,0,2,0,0,2,2020-10-10
42,7,0,3,0,4,0,3,7,2,0,0,1,0,5,15,4,0,2,1,9,0,4,11,1,0,0,1,1,0,3,2020-10-11
50,4,0,2,0,6,0,4,10,3,0,1,1,0,2,12,7,0,1,1,4,0,7,8,0,0,0,1,0,1,0,2020-10-12
43,6,0,7,0,5,0,1,10,2,0,0,1,1,2,13,1,0,3,1,6,2,7,6,0,1,1,0,0,3,4,2020-10-13
47,3,0,0,0,3,0,2,7,4,0,0,0,2,1,7,5,1,4,0,5,1,3,11,0,0,0,0,0,1,3,2020-10-14
35,5,1,4,0,3,0,2,10,2,0,3,0,0,5,8,2,0,1,0,7,1,5,7,0,0,0,0,1,4,0,2020-10-15
42,2,0,2,0,6,0,2,13,1,0,0,0,0,4,10,2,0,0,0,7,0,4,7,0,0,0,0,0,3,2,2020-10-16
44,3,0,0,0,11,0,1,7,0,0,0,0,0,5,13,0,0,0,2,2,1,4,9,0,0,0,1,0,2,4,2020-10-17
52,6,0,2,0,2,0,1,7,1,0,1,0,1,1,7,4,0,2,1,7,3,5,4,0,2,1,0,0,2,3,2020-10-18
57,3,1,2,0,12,0,1,13,3,0,0,0,1,3,13,7,0,0,0,5,0,7,9,0,1,0,1,0,4,2,2020-10-19
46,1,1,1,0,7,0,0,5,1,1,1,0,0,4,12,1,0,0,1,9,1,5,13,0,0,0,0,0,2,1,2020-10-20
58,0,2,1,0,9,0,1,13,2,0,0,0,4,5,11,4,0,1,0,8,2,7,9,0,1,1,2,0,1,3,2020-10-21
42,3,0,0,0,6,0,5,20,3,0,0,0,1,6,14,3,0,1,1,11,0,5,9,0,0,0,1,0,1,5,2020-10-22
55,2,0,0,0,7,0,0,9,1,0,1,1,0,5,5,4,0,2,0,9,0,8,13,1,0,0,1,0,0,0,2020-10-23
42,2,0,5,0,9,0,2,13,3,0,1,2,1,4,7,5,0,1,2,4,3,5,10,0,0,0,1,0,1,3,2020-10-24
49,5,0,4,0,5,0,1,13,2,0,0,0,1,3,9,5,2,0,1,10,2,5,11,0,1,0,0,0,3,2,2020-10-25
49,4,0,4,0,7,2,2,14,5,0,0,0,1,6,13,5,0,4,1,11,3,5,10,0,1,0,0,0,0,4,2020-10-26
43,3,0,1,0,7,0,4,9,3,0,0,2,1,3,12,3,0,2,0,8,2,9,8,0,1,0,1,1,2,4,2020-10-27
61,2,0,0,0,8,0,1,15,1,0,1,2,0,6,9,4,0,1,0,8,0,7,11,0,0,0,1,0,1,2,2020-10-28
44,5,0,0,0,14,0,4,7,3,0,0,0,2,2,8,3,0,2,0,10,0,2,15,0,0,0,1,0,2,3,2020-10-29
45,2,1,0,0,15,0,2,7,3,0,2,2,1,6,15,1,0,1,1,6,0,2,11,1,0,1,0,0,2,4,2020-10-30
49,3,0,2,0,9,0,2,4,5,0,0,1,3,5,11,2,0,0,0,8,1,9,9,2,0,0,0,0,1,2,2020-10-31
58,4,0,1,0,10,0,1,16,2,0,0,0,1,2,14,1,0,1,1,10,2,6,7,0,1,0,0,0,0,4,2020-11-01
54,1,0,1,0,22,0,2,11,1,0,0,0,1,1,12,4,0,1,1,9,1,7,13,0,0,0,1,0,0,3,2020-11-02
43,4,0,0,0,8,1,1,18,2,0,0,0,0,10,8,1,0,1,0,5,1,5,13,1,1,1,1,2,0,3,2020-11-03
66,5,0,0,0,14,0,0,10,4,0,0,0,0,4,16,1,0,2,1,8,2,8,9,0,0,0,0,0,0,1,2020-11-04
60,4,0,1,0,14,0,1,10,1,0,1,1,1,3,12,1,1,1,0,11,1,9,6,1,0,0,0,0,0,3,2020-11-05
53,4,0,3,0,17,0,3,15,3,0,1,1,0,1,16,3,1,0,0,3,0,9,13,1,0,0,1,0,3,4,2020-11-06
56,4,0,0,0,8,0,0,6,0,0,0,1,0,3,10,3,0,1,0,10,1,3,13,1,0,0,0,0,0,3,2020-11-07
56,2,1,1,0,11,0,1,11,1,0,0,2,0,7,7,2,0,1,0,5,2,13,10,1,0,0,1,0,3,4,2020-11-08
56,2,1,2,0,19,0,0,18,2,0,0,1,0,2,9,5,0,1,0,5,0,7,11,0,1,0,0,0,0,4,2020-11-09
62,1,0,0,0,9,0,2,7,2,0,0,0,4,3,12,3,0,0,0,7,1,2,9,0,0,0,0,0,1,3,2020-11-10
52,2,0,1,0,16,0,0,11,3,0,0,0,3,1,11,3,0,3,0,6,2,5,11,1,0,0,0,0,1,7,2020-11-11
77,1,0,0,0,14,0,7,7,5,0,0,1,0,10,7,2,0,1,0,5,1,9,12,1,0,0,1,0,2,1,2020-11-12
68,0,0,0,0,21,0,1,10,4,0,1,0,0,3,6,3,1,0,0,9,0,5,15,0,0,0,0,1,0,3,2020-11-13
72,4,0,1,0,9,1,0,7,7,0,0,2,0,6,14,7,0,4,1,3,0,5,11,0,2,0,1,0,1,1,2020-11-14
64,1,0,3,0,13,0,1,12,2,0,0,2,1,0,12,2,0,4,0,11,1,8,4,2,0,0,0,0,1,4,2020-11-15
76,2,0,1,0,12,0,2,8,3,0,0,0,1,3,13,2,0,0,1,7,0,13,14,1,0,0,1,0,3,3,2020-11-16
65,2,1,1,0,26,0,2,12,4,0,0,0,0,2,13,1,0,4,1,9,2,10,18,0,0,0,0,1,0,5,2020-11-17
74,1,0,1,0,13,2,2,14,3,0,0,3,0,3,15,7,0,1,1,5,0,10,11,1,1,0,0,0,2,1,2020-11-18
71,4,0,1,0,10,0,1,10,2,0,1,1,0,6,14,2,0,1,1,7,1,8,10,0,1,0,0,0,0,3,2020-11-19
80,1,0,1,0,14,0,2,9,2,0,0,0,0,3,16,2,0,4,1,7,0,9,13,1,0,0,1,0,0,4,2020-11-20
70,1,0,1,0,13,0,1,11,3,0,1,2,0,3,10,2,0,1,1,8,0,15,9,0,0,0,0,0,0,4,2020-11-21
80,4,1,1,0,13,0,2,7,4,0,0,1,1,4,14,2,0,1,1,7,0,17,26,2,0,0,0,0,2,4,2020-11-22
91,1,1,2,0,7,1,0,10,10,0,0,1,1,6,5,1,0,1,0,11,0,9,14,2,0,0,0,0,0,7,2020-11-23
72,2,0,3,0,8,0,2,9,4,0,0,1,0,4,10,4,1,2,0,9,0,12,10,0,0,0,0,0,2,2,2020-11-24
86,2,0,4,0,13,0,1,7,4,0,0,1,1,4,9,3,0,3,0,7,0,7,7,0,0,0,0,1,3,2,2020-11-25
79,3,0,4,0,13,0,1,10,5,0,0,1,1,0,10,4,0,0,1,9,0,8,8,0,0,0,0,0,0,4,2020-11-26
88,1,0,3,0,7,0,0,12,8,0,1,2,0,4,11,0,0,3,0,14,0,9,14,0,0,0,0,0,5,4,2020-11-27
81,1,0,2,0,10,0,0,15,2,0,0,1,0,2,5,1,0,1,0,9,0,11,15,1,0,0,1,0,2,1,2020-11-28
69,4,0,1,0,9,0,0,15,3,0,0,1,0,2,13,3,0,0,1,7,1,7,18,0,1,0,1,0,1,3,2020-11-29
97,0,1,2,0,14,0,1,15,7,0,0,0,0,5,12,2,1,2,0,13,0,15,14,2,0,0,0,0,4,1,2020-11-30
115,1,0,3,0,8,0,6,10,7,0,2,0,1,8,7,1,0,1,1,6,1,12,7,0,0,0,0,0,3,5,2020-12-01
91,4,0,1,0,9,0,6,20,7,0,0,1,0,3,12,5,0,2,0,13,0,15,9,4,0,0,0,0,0,4,2020-12-02
77,3,0,1,0,12,0,2,12,5,0,0,2,0,5,9,4,0,1,0,9,0,17,13,2,0,1,0,0,1,2,2020-12-03
98,2,1,1,0,5,0,1,10,3,0,0,3,1,8,8,5,0,4,0,7,0,13,16,1,0,0,1,0,4,2,2020-12-04
85,3,1,2,0,9,0,1,10,3,0,0,4,0,2,7,6,0,2,0,8,0,24,9,1,0,0,1,0,5,2,2020-12-05
89,5,0,1,0,7,1,3,10,5,0,1,1,1,3,14,5,0,2,1,19,0,13,15,2,0,0,1,1,3,0,2020-12-06
127,1,1,1,0,8,0,3,19,7,0,0,1,0,9,4,5,0,2,1,5,1,20,7,3,2,0,0,0,1,3,2020-12-07
112,0,0,6,0,3,0,5,14,7,0,0,0,0,6,9,3,0,1,1,4,0,12,10,0,1,0,0,2,2,2,2020-12-08
114,4,0,2,0,4,0,1,19,11,0,0,0,0,4,10,3,0,3,0,7,0,14,6,2,0,0,0,0,2,5,2020-12-09
127,1,0,0,0,9,0,1,14,7,0,1,2,1,3,6,5,1,1,0,2,1,13,11,2,1,0,0,0,3,4,2020-12-10
119,1,0,2,0,7,0,1,22,10,0,0,1,1,2,11,3,0,1,0,14,0,11,15,2,0,0,2,1,3,4,2020-12-11
128,1,0,0,0,7,0,2,27,8,0,0,1,1,4,7,6,0,2,1,6,1,14,13,1,1,0,1,1,2,3,2020-12-12
117,3,0,4,0,8,0,3,18,16,0,0,2,2,3,10,0,0,1,0,14,0,18,11,0,4,0,1,1,3,2,2020-12-13
133,0,0,1,0,11,1,3,20,9,0,1,4,0,6,5,5,0,1,1,10,1,15,11,2,1,1,0,1,2,1,2020-12-14
144,10,0,1,0,8,0,3,17,6,0,0,1,0,3,10,6,0,1,0,8,1,19,7,2,2,0,2,1,0,2,2020-12-15
141,2,0,1,0,6,0,1,20,10,0,0,3,1,7,6,5,0,4,1,10,0,15,10,0,1,0,1,3,7,3,2020-12-16
147,1,0,3,0,6,0,2,20,14,0,0,4,0,5,8,2,0,4,1,12,0,19,13,0,0,0,1,2,6,6,2020-12-17
142,2,1,2,0,6,0,2,22,5,0,0,1,0,7,7,7,0,2,0,10,0,20,8,3,1,0,0,0,2,2,2020-12-18
152,1,0,2,0,13,0,1,32,11,0,1,2,2,3,10,3,0,2,1,11,1,15,11,3,2,0,0,0,1,1,2020-12-19
154,4,0,2,0,10,0,2,19,12,0,0,4,0,1,13,8,0,1,2,19,0,10,10,1,0,0,1,0,4,2,2020-12-20
149,4,0,0,0,6,1,0,24,14,0,1,1,1,3,9,2,0,3,0,23,0,22,12,1,1,0,3,2,3,1,2020-12-21
159,1,0,0,0,4,0,3,18,18,0,1,0,1,2,9,9,0,0,0,14,1,7,13,1,1,0,0,0,5,2,2020-12-22
159,3,0,0,0,3,0,2,20,18,1,0,2,1,2,13,4,0,0,0,16,1,14,12,3,1,0,0,1,4,1,2020-12-23
161,1,0,4,0,6,0,6,22,13,0,1,4,1,7,7,6,0,3,1,17,0,15,16,2,1,0,0,0,2,2,2020-12-24
142,2,0,2,0,8,0,4,27,19,0,0,1,3,2,13,6,0,2,0,15,0,17,9,1,0,2,2,1,2,4,2020-12-25
184,0,0,0,0,9,0,2,25,17,0,1,3,2,3,15,5,0,2,0,13,0,12,6,0,0,0,3,0,5,1,2020-12-26
191,0,1,0,0,8,0,2,19,17,0,1,1,1,5,14,5,1,1,0,19,1,12,13,0,2,0,4,1,6,5,2020-12-27
178,1,1,6,0,4,0,2,24,14,0,0,1,2,9,14,6,0,3,0,19,0,10,13,0,1,0,0,2,7,3,2020-12-28
187,0,0,2,0,3,0,3,23,13,0,1,1,0,4,18,8,1,3,0,22,1,11,11,1,1,0,1,1,6,2,2020-12-29
191,3,3,3,0,8,0,5,23,15,0,0,1,1,4,13,5,0,4,1,19,0,19,12,0,2,0,1,4,2,1,2020-12-30
166,3,0,2,0,3,0,9,15,18,0,0,2,2,3,17,7,0,2,1,23,0,15,13,1,1,0,3,4,4,1,2020-12-31
176,0,0,6,0,4,1,2,30,11,0,0,1,0,3,10,11,0,1,2,20,0,18,13,2,0,0,0,2,5,2,2021-01-01
202,2,0,7,0,3,0,3,25,20,0,0,1,0,1,17,7,0,4,1,22,0,15,10,1,1,0,5,3,4,2,2021-01-02
214,4,1,2,0,4,0,3,30,15,0,0,5,4,2,25,17,0,5,1,18,0,21,9,0,1,0,2,1,6,2,2021-01-03
209,1,0,3,0,4,0,3,23,19,1,0,6,3,4,14,7,0,6,0,30,0,22,9,3,0,0,1,2,1,5,2021-01-04
189,7,2,6,0,7,0,2,21,17,0,0,5,2,4,14,7,0,0,1,14,0,24,10,0,0,0,2,1,2,0,2021-01-05
210,4,1,4,0,7,0,4,43,15,0,1,3,4,7,20,13,0,4,1,38,1,16,9,1,1,0,6,2,2,1,2021-01-06
178,2,0,4,0,6,0,4,36,9,0,0,2,4,3,22,8,0,5,1,32,1,17,13,1,1,0,2,8,6,4,2021-01-07
195,4,0,7,0,5,1,6,49,12,0,0,0,2,1,23,9,0,4,0,28,0,20,9,2,2,0,3,5,8,5,2021-01-08
197,3,0,3,0,8,0,3,43,8,0,0,3,2,8,18,10,0,5,1,36,0,30,15,2,0,0,6,3,4,4,2021-01-09
215,6,2,3,0,10,0,2,49,16,1,1,1,1,5,21,13,0,4,0,35,1,22,16,0,3,0,5,2,3,1,2021-01-10
237,5,1,6,0,9,0,10,47,12,0,0,3,2,5,17,13,0,5,2,22,0,16,17,2,2,0,4,1,6,1,2021-01-11
207,6,0,2,0,8,0,3,41,17,0,1,5,5,5,19,23,1,4,0,37,1,20,18,0,2,0,4,6,7,1,2021-01-12
202,11,0,3,0,12,1,2,36,8,0,0,5,2,4,26,14,0,4,1,30,1,14,17,0,0,1,1,2,7,4,2021-01-13
218,6,2,1,0,13,0,6,35,10,0,0,2,3,8,29,11,0,4,0,33,1,22,15,2,1,1,6,3,5,2,2021-01-14
216,5,0,3,0,8,0,6,33,13,0,0,3,0,4,22,15,1,1,1,40,1,17,15,1,2,0,6,3,8,6,2021-01-15
202,7,2,7,0,3,0,4,47,14,0,0,2,3,2,17,13,0,2,2,31,1,28,28,2,4,0,4,3,2,2,2021-01-16
223,6,1,8,0,3,0,3,46,28,0,1,3,1,1,26,17,1,0,0,31,2,17,19,1,2,0,2,3,4,2,2021-01-17
219,6,4,10,0,10,0,5,56,16,0,0,5,2,12,21,11,1,3,0,44,0,28,18,4,0,1,2,5,6,6,2021-01-18
250,11,1,3,0,9,0,2,34,13,0,0,2,3,4,22,12,1,6,1,34,1,22,22,2,1,2,2,7,3,1,2021-01-19
240,6,0,2,0,2,0,4,63,11,0,1,5,4,8,26,24,1,3,4,36,2,29,15,1,1,0,5,3,4,0,2021-01-20
216,7,1,6,0,8,1,8,52,7,0,0,3,1,7,25,16,1,6,0,41,1,24,26,0,1,0,5,4,4,3,2021-01-21
225,12,1,1,0,1,0,7,38,10,0,3,2,5,7,24,18,2,5,0,37,1,20,12,1,0,0,5,2,6,1,2021-01-22
220,4,3,2,0,6,0,7,50,6,0,2,3,0,5,18,19,0,2,1,43,0,21,16,5,0,0,5,2,5,0,2021-01-23
236,8,2,7,0,2,0,7,37,10,0,4,1,1,6,24,26,0,7,1,36,0,17,17,0,1,0,4,5,5,4,2021-01-24
254,7,0,7,0,8,1,14,44,8,0,2,4,2,4,22,21,1,3,0,42,2,21,16,3,2,0,4,3,4,3,2021-01-25
269,13,1,4,0,6,0,6,38,6,0,1,2,0,6,20,22,0,4,1,34,0,19,16,2,5,3,4,9,7,3,2021-01-26
206,10,1,4,1,7,0,4,38,11,0,0,4,2,8,12,18,0,4,1,39,0,14,25,3,6,0,9,7,6,2,2021-01-27
201,6,0,5,0,5,0,7,42,7,0,1,1,2,8,36,17,0,2,1,39,2,20,25,2,0,0,5,5,5,3,2021-01-28
199,11,2,8,0,6,0,4,44,7,0,1,3,4,6,10,18,0,0,0,39,4,22,16,2,1,0,0,4,4,1,2021-01-29
214,10,1,3,0,3,0,1,31,10,1,0,2,3,10,20,16,0,2,1,34,1,19,21,2,2,0,3,1,7,3,2021-01-30
206,7,2,4,0,3,0,3,27,4,1,0,1,2,7,24,10,0,2,0,33,2,23,17,0,0,1,2,2,1,3,2021-01-31
213,11,0,3,0,4,0,3,33,12,0,0,1,6,5,23,20,0,4,0,43,1,26,32,3,0,0,1,3,4,1,2021-02-01
187,10,2,6,0,7,2,4,40,10,0,0,1,2,6,21,16,3,6,1,40,2,20,12,1,4,0,3,1,4,4,2021-02-02
192,10,1,4,0,9,0,3,33,13,0,0,2,5,3,22,12,2,2,0,39,0,21,14,0,3,0,0,3,3,5,2021-02-03
151,3,1,1,0,3,0,6,35,12,0,1,4,6,6,14,19,2,2,0,32,1,18,13,1,2,0,4,1,3,2,2021-02-04
156,6,0,6,0,5,0,7,28,2,0,1,3,1,7,19,8,0,3,1,28,0,17,22,0,0,0,4,0,4,3,2021-02-05
157,4,1,3,0,6,1,9,20,7,0,1,5,2,9,17,14,0,5,3,37,5,19,16,1,1,0,0,2,1,4,2021-02-06
158,12,2,5,0,5,0,7,28,6,0,1,5,2,3,11,6,0,4,0,31,1,18,14,1,0,1,1,1,3,1,2021-02-07
159,11,0,8,0,7,0,5,32,8,1,2,6,0,13,16,15,1,1,2,34,0,8,15,0,0,0,3,1,6,3,2021-02-08
160,5,1,4,0,0,0,9,23,4,0,0,2,4,9,16,13,0,3,0,36,1,18,14,4,2,0,2,0,2,0,2021-02-09
138,2,3,6,0,3,0,5,28,5,0,0,3,0,6,11,13,2,2,3,35,2,11,17,3,1,1,2,1,7,2,2021-02-10
122,16,3,6,0,0,0,11,29,3,0,0,3,1,3,17,14,0,7,1,31,0,13,17,2,1,1,2,1,3,2,2021-02-11
133,10,0,3,0,4,0,6,16,7,0,1,2,4,9,12,5,0,4,1,29,0,11,12,3,1,0,3,1,0,1,2021-02-12
142,4,1,1,0,5,0,2,18,2,0,1,4,5,5,11,8,0,3,2,30,3,12,13,5,2,0,1,2,2,0,2021-02-13
141,5,0,2,0,4,0,7,20,5,0,0,4,1,8,6,16,0,4,0,24,0,11,13,0,1,1,2,0,7,5,2021-02-14
114,8,0,6,0,2,0,4,14,1,1,1,2,1,8,7,14,2,4,1,36,0,10,8,2,2,0,2,0,4,3,2021-02-15
151,13,4,3,0,2,0,5,16,4,0,1,3,1,4,11,5,1,1,0,25,0,4,13,0,0,0,1,0,2,2,2021-02-16
134,5,2,4,0,5,0,5,22,5,0,2,3,0,6,16,9,0,2,1,22,3,12,7,0,1,0,5,0,0,2,2021-02-17
107,7,2,2,0,6,0,6,21,3,0,1,3,1,6,10,6,0,3,0,25,0,13,6,3,1,0,1,1,1,0,2021-02-18
112,10,1,4,0,2,1,6,18,1,0,0,4,0,6,19,7,0,4,2,38,0,13,8,1,2,1,0,2,2,1,2021-02-19
103,5,2,5,0,0,0,6,17,2,0,1,5,1,7,13,5,0,4,1,23,0,6,10,0,2,0,0,1,0,3,2021-02-20
126,7,0,1,0,6,0,7,15,6,0,0,3,1,6,16,14,0,3,1,25,0,14,11,0,1,0,2,0,1,1,2021-02-21
128,8,1,2,0,3,0,3,16,3,0,0,0,2,9,12,5,0,3,3,25,0,15,15,1,0,1,3,1,5,4,2021-02-22
97,5,0,1,0,2,0,4,25,1,0,0,2,6,7,11,4,0,2,1,33,0,13,14,0,1,0,0,1,2,1,2021-02-23
115,5,0,0,0,3,0,4,9,0,0,1,3,0,3,5,6,0,2,2,22,3,5,12,1,1,0,1,0,3,2,2021-02-24
103,2,1,0,0,2,0,3,16,2,0,0,0,2,5,13,4,0,4,0,22,0,12,12,1,1,0,2,1,1,1,2021-02-25
105,7,1,2,0,8,0,5,9,4,0,0,3,1,9,9,2,0,4,1,26,0,13,3,0,0,0,1,0,0,1,2021-02-26
96,1,1,1,0,3,0,1,15,4,0,0,2,2,8,7,3,0,3,0,27,1,14,8,2,0,1,2,0,4,3,2021-02-27
110,10,1,3,0,5,0,5,4,4,0,2,1,2,4,12,7,0,1,0,22,0,5,10,1,0,0,1,2,2,0,2021-02-28
101,4,0,0,0,5,0,7,11,5,0,2,0,3,6,13,4,0,1,0,34,0,5,9,4,0,0,0,2,3,2,2021-03-01
104,4,0,1,0,4,0,3,10,1,0,1,1,2,6,3,8,0,3,0,28,0,8,6,0,0,0,0,1,2,2,2021-03-02
90,6,2,0,0,4,0,2,11,0,0,0,1,2,8,5,3,0,2,0,19,0,16,7,2,0,1,0,0,2,2,2021-03-03
103,6,0,0,0,9,0,2,11,1,0,0,2,0,5,2,6,1,3,0,23,1,6,5,1,0,0,2,1,2,3,2021-03-04
107,0,0,2,0,7,0,3,14,1,0,0,3,0,5,7,4,0,1,0,19,0,10,8,0,0,0,0,1,2,2,2021-03-05
89,3,0,2,0,4,1,4,10,0,0,0,1,1,7,6,6,0,1,0,17,0,12,7,0,2,0,1,0,3,2,2021-03-06
82,6,2,3,0,5,0,3,7,0,0,0,2,1,7,5,5,2,1,0,17,0,7,2,2,0,0,1,0,1,0,2021-03-07
104,6,2,1,0,3,0,3,13,2,0,0,3,2,7,6,5,1,2,0,22,0,13,8,0,1,1,1,0,1,0,2021-03-08
91,2,2,3,0,4,0,2,11,2,0,1,0,3,6,5,3,0,5,0,13,1,8,13,0,0,0,1,0,0,0,2021-03-09
91,5,1,2,0,4,0,4,16,0,0,0,3,1,3,3,6,1,2,0,24,1,9,7,1,0,0,1,0,0,0,2021-03-10
105,6,1,2,0,3,0,1,8,2,0,0,1,0,7,6,4,0,2,0,19,1,20,3,0,1,0,0,0,1,1,2021-03-11
67,1,0,2,0,2,0,2,8,1,0,0,1,0,9,3,3,0,5,0,14,0,16,8,1,4,0,0,1,2,1,2021-03-12
88,3,0,4,0,3,0,6,4,1,0,0,1,0,3,5,5,0,4,0,19,2,11,4,2,0,0,0,0,1,0,2021-03-13
90,1,0,0,0,7,1,3,4,2,0,0,2,2,5,7,5,0,0,0,15,1,5,6,2,0,0,0,0,3,0,2021-03-14
68,4,1,0,0,2,1,3,9,0,0,3,2,1,6,3,1,0,4,0,18,0,11,6,0,1,0,0,0,1,0,2021-03-15
65,4,2,4,0,5,0,3,8,0,0,0,2,0,2,7,5,0,1,0,16,0,7,3,0,1,0,0,1,1,3,2021-03-16
67,7,0,1,0,1,0,3,7,0,0,0,1,1,4,7,6,0,2,0,21,0,11,4,1,1,0,1,0,0,0,2021-03-17
48,2,1,1,0,4,0,6,2,0,0,1,1,1,9,7,2,1,4,0,22,1,7,8,0,0,0,0,0,0,0,2021-03-18
84,6,0,1,0,3,0,6,2,1,0,0,0,2,7,3,3,0,2,0,12,1,11,2,0,0,0,2,1,1,1,2021-03-19
61,3,1,2,0,3,1,5,5,0,0,0,1,0,5,5,1,0,2,0,11,0,5,5,1,1,0,0,0,1,2,2021-03-20
62,4,0,1,0,1,0,5,4,0,0,1,3,0,6,2,3,1,5,1,13,1,6,5,0,0,1,1,1,0,2,2021-03-21
64,0,1,0,0,5,0,0,3,2,0,0,2,3,5,2,6,0,1,0,9,2,10,0,0,0,0,1,2,4,1,2021-03-22
74,4,2,1,0,6,0,4,5,2,0,0,0,0,5,3,3,2,2,0,16,1,11,7,0,0,0,1,0,1,0,2021-03-23
73,1,1,2,0,1,0,5,4,2,0,0,1,0,5,6,6,1,1,1,21,0,6,5,0,1,0,0,0,1,2,2021-03-24
61,4,0,4,0,5,0,2,4,0,0,0,2,1,3,0,4,0,1,0,17,2,8,5,1,0,0,1,0,3,0,2021-03-25
43,2,0,2,0,2,0,0,6,0,0,0,2,0,6,5,3,0,2,1,10,1,3,3,0,0,0,1,1,4,2,2021-03-26
60,0,0,2,0,3,0,2,9,1,0,0,0,0,5,6,1,0,2,0,21,2,9,7,0,1,0,0,0,2,1,2021-03-27
64,3,0,2,0,5,1,4,4,2,0,0,1,0,6,1,3,0,3,0,18,4,3,3,0,1,0,0,0,3,3,2021-03-28
60,4,1,1,1,3,1,2,4,1,0,1,0,0,5,3,5,1,1,0,16,0,5,8,0,1,0,1,1,0,0,2021-03-29
48,6,0,2,0,6,1,3,4,2,0,0,1,1,5,3,1,0,4,0,19,0,4,5,0,0,0,0,0,1,0,2021-03-30
40,3,1,1,0,3,0,4,2,1,0,1,1,0,5,2,4,0,2,1,13,3,7,3,2,1,0,0,0,1,0,2021-03-31
49,1,1,1,0,3,0,2,3,4,0,0,0,0,6,1,2,0,2,1,18,1,3,3,0,0,0,0,0,2,2,2021-04-01
47,0,1,2,0,7,0,1,5,2,0,0,0,1,6,3,5,0,3,1,12,0,8,3,0,1,0,1,1,1,0,2021-04-02
59,1,0,2,0,8,0,7,4,1,0,0,0,2,3,4,5,0,0,0,11,0,6,2,0,0,0,0,1,0,1,2021-04-03
44,5,0,2,0,11,0,1,3,1,0,0,2,0,4,3,2,1,0,0,7,2,5,2,1,0,0,1,0,1,1,2021-04-04
38,4,0,3,0,8,0,1,5,3,0,0,0,2,10,2,5,0,0,1,17,0,9,3,0,1,0,1,0,0,0,2021-04-05
36,5,1,0,0,4,0,2,1,0,0,0,1,1,10,5,7,0,0,0,13,1,4,4,0,1,0,0,0,0,0,2021-04-06
45,0,1,2,0,8,0,4,8,0,0,0,2,0,6,1,2,0,1,0,17,0,4,2,0,0,0,1,0,1,0,2021-04-07
43,2,2,3,0,14,0,6,9,1,0,0,1,0,9,3,1,0,0,0,17,1,3,3,0,1,0,0,0,0,1,2021-04-08
36,0,2,1,0,6,0,3,2,0,0,0,2,0,7,0,1,0,1,1,13,0,4,6,0,1,0,2,0,1,1,2021-04-09
28,1,0,3,0,3,1,1,1,1,0,1,2,0,2,2,8,0,4,0,15,0,9,4,2,1,0,0,1,2,1,2021-04-10
38,3,1,0,0,9,1,5,0,1,0,0,2,0,3,2,2,1,1,0,6,0,3,2,0,0,0,1,1,0,1,2021-04-11
46,4,0,1,0,8,0,3,7,0,0,1,3,0,4,2,1,0,0,0,14,0,2,1,0,0,0,1,0,2,0,2021-04-12
43,4,0,5,1,6,0,1,3,1,0,1,1,2,3,1,3,0,1,1,11,1,2,4,0,0,0,1,0,1,0,2021-04-13
36,4,1,7,0,5,0,4,9,4,0,0,0,0,3,1,2,0,0,1,16,2,5,2,0,1,0,1,0,1,1,2021-04-14
37,1,0,3,0,11,0,2,3,0,0,0,1,1,5,3,2,0,1,0,9,1,5,5,0,0,0,0,0,1,1,2021-04-15
29,2,2,4,0,4,0,0,4,0,0,0,0,3,5,4,0,0,1,0,13,0,4,5,0,0,0,1,0,0,0,2021-04-16
40,2,0,1,0,8,0,1,4,0,0,0,1,1,3,3,1,0,1,0,11,0,3,1,1,1,0,1,0,1,1,2021-04-17
31,2,0,0,0,9,0,3,4,1,0,0,0,0,6,1,1,0,0,0,13,0,3,3,0,0,1,2,0,0,0,2021-04-18
30,4,2,3,0,9,0,1,4,1,0,0,2,1,3,2,2,0,3,0,9,1,5,4,0,1,0,0,0,1,0,2021-04-19
24,7,0,5,0,3,0,2,1,6,0,0,2,0,1,0,3,0,1,0,16,2,1,1,0,0,0,0,1,0,0,2021-04-20
32,5,1,3,0,6,0,1,1,4,0,0,1,1,4,0,3,1,1,0,7,1,3,4,0,1,0,0,0,1,0,2021-04-21
34,1,1,3,0,8,0,2,2,1,0,0,1,0,5,6,1,0,0,0,10,0,4,1,0,0,0,1,0,1,0,2021-04-22
27,2,0,0,0,5,0,2,3,1,0,0,2,0,2,2,0,2,1,4,15,0,1,2,0,1,0,0,1,0,1,2021-04-23
23,1,0,2,0,10,0,1,3,0,0,0,0,0,5,1,2,0,1,0,12,0,6,1,0,0,0,0,0,0,2,2021-04-24
23,3,0,2,0,2,0,3,2,2,0,0,2,0,3,5,2,0,3,0,3,0,1,1,1,0,0,1,0,1,0,2021-04-25
30,4,0,2,0,5,0,3,2,0,0,1,1,0,6,1,0,0,0,0,10,0,1,4,0,0,0,0,1,3,1,2021-04-26
20,1,0,2,0,4,1,1,3,3,0,1,0,2,2,0,3,0,0,0,7,0,5,3,0,0,0,0,0,4,1,2021-04-27
31,0,0,2,0,5,0,1,0,2,0,0,1,0,5,2,1,1,2,0,8,1,5,3,0,0,0,0,0,1,0,2021-04-28
23,0,1,3,0,8,0,1,2,0,0,0,1,0,6,3,4,0,0,0,11,0,5,1,0,0,0,1,0,2,0,2021-04-29
19,1,0,7,0,2,0,0,3,1,0,1,1,0,2,1,3,1,0,0,6,0,4,1,0,0,0,0,0,1,0,2021-04-30
23,2,0,4,0,3,0,1,1,1,0,1,0,0,5,4,1,1,1,1,7,0,0,2,0,1,0,0,0,0,0,2021-05-01
17,2,1,4,0,6,0,4,5,1,0,0,0,0,2,3,5,1,0,0,8,1,7,2,0,0,1,0,0,0,0,2021-05-02
20,3,2,3,0,6,0,3,2,1,0,0,0,2,2,3,0,0,1,0,9,0,1,1,0,1,0,0,0,2,0,2021-05-03
12,1,0,3,0,4,1,1,2,3,0,0,0,2,3,3,0,0,2,1,7,0,2,5,0,0,0,0,0,1,1,2021-05-04
16,0,0,3,0,7,0,3,4,2,0,0,0,0,2,1,3,1,0,2,5,1,1,4,0,0,0,1,3,1,0,2021-05-05
13,1,0,0,0,4,0,0,2,2,0,0,0,0,3,1,1,2,3,2,6,0,4,0,1,0,0,0,0,0,0,2021-05-06
16,0,0,3,0,8,0,0,0,0,0,0,0,0,5,2,1,1,0,0,4,1,6,1,0,0,0,0,1,2,0,2021-05-07
10,0,0,4,0,2,0,0,1,0,0,0,0,0,4,0,4,0,0,0,7,2,5,2,0,0,0,0,0,2,1,2021-05-08
18,0,1,4,0,3,0,2,2,0,0,0,2,0,3,0,2,0,0,0,7,1,8,0,0,0,0,1,0,0,0,2021-05-09
20,2,0,4,0,2,0,2,5,0,1,0,2,1,1,2,2,0,0,0,8,0,3,4,1,0,0,2,0,0,0,2021-05-10
6,1,0,12,0,4,0,0,0,0,0,0,0,3,4,0,2,0,0,0,6,0,4,0,1,1,0,0,0,0,0,2021-05-11
14,1,0,3,0,5,0,2,3,0,0,0,0,1,3,0,3,0,1,2,5,0,0,3,1,1,0,0,0,1,0,2021-05-12
9,1,1,5,0,3,0,2,3,1,0,0,0,1,2,1,0,0,1,0,4,0,1,2,0,0,0,0,0,1,0,2021-05-13
17,0,0,3,0,5,1,1,2,0,0,0,0,1,3,0,0,0,0,0,5,2,3,0,0,0,0,0,0,1,1,2021-05-14
10,1,0,1,0,5,0,1,1,2,1,0,0,0,2,4,1,0,0,0,8,0,2,0,0,0,0,0,0,2,0,2021-05-15
8,2,0,5,0,2,0,3,1,0,0,0,0,3,3,2,1,0,2,2,3,0,1,2,0,0,0,0,1,2,0,2021-05-16
10,0,1,3,0,2,0,1,5,1,0,0,0,3,1,6,0,0,0,0,4,1,1,2,1,0,0,0,0,0,0,2021-05-17
15,0,0,7,0,3,0,1,2,0,0,0,0,3,6,1,0,0,0,0,2,0,2,1,0,0,0,0,0,2,0,2021-05-18
7,0,1,4,0,5,1,1,0,1,0,0,0,2,3,2,0,0,1,1,3,0,1,1,0,0,0,0,0,2,0,2021-05-19
8,1,0,3,0,0,0,0,1,2,0,0,0,1,4,3,1,0,0,1,5,0,0,2,0,0,0,0,1,3,0,2021-05-20
8,0,0,4,0,2,1,1,2,0,1,0,1,0,3,0,0,0,0,1,2,0,1,2,0,0,0,0,0,1,1,2021-05-21
10,0,0,5,0,2,1,0,0,0,0,0,1,2,4,3,0,0,0,0,3,0,0,0,0,0,0,0,0,1,0,2021-05-22
7,0,0,11,0,3,0,0,0,0,0,0,0,4,4,2,0,0,0,0,2,0,2,1,0,0,0,1,0,1,0,2021-05-23
9,4,0,4,0,2,0,0,0,1,0,0,0,0,3,1,1,0,0,1,3,0,0,0,0,0,0,0,0,0,0,2021-05-24
9,0,0,6,0,2,0,0,0,2,0,0,0,0,1,3,1,1,0,1,4,0,0,0,0,0,0,0,1,0,1,2021-05-25
5,1,1,5,0,2,1,0,2,0,0,0,0,1,2,0,2,2,0,2,4,0,0,3,0,0,0,0,0,1,0,2021-05-26
8,0,0,3,0,2,0,0,1,0,0,0,0,2,4,1,2,0,0,0,4,2,2,1,0,0,0,0,0,1,0,2021-05-27
5,2,0,7,0,0,0,3,3,1,0,0,0,0,3,0,0,1,0,1,2,0,2,2,0,0,0,0,0,1,0,2021-05-28
4,3,0,2,0,2,0,1,0,1,0,0,0,1,4,3,0,0,0,0,6,0,0,2,0,0,0,0,0,2,0,2021-05-29
4,3,0,6,0,1,0,0,0,2,0,1,0,0,2,3,0,0,1,2,5,1,0,0,0,0,0,0,0,1,0,2021-05-30
6,2,0,6,0,2,0,1,0,1,0,0,0,0,4,1,0,0,0,1,4,1,1,0,0,0,0,0,0,2,0,2021-05-31
6,0,1,5,0,1,1,0,1,1,0,0,0,1,2,1,1,1,1,1,5,0,1,0,0,0,0,0,0,3,0,2021-06-01
3,1,0,3,0,0,0,1,1,3,0,0,0,0,1,1,1,1,0,0,5,1,0,1,0,0,0,0,0,1,0,2021-06-02
6,0,0,3,0,1,0,0,0,1,0,0,0,4,2,0,0,0,0,1,3,0,0,0,0,0,0,0,0,0,0,2021-06-03
6,0,0,6,0,1,0,0,2,0,0,0,0,0,6,2,0,1,0,1,3,0,0,1,0,0,0,0,0,1,0,2021-06-04
5,0,2,6,0,0,0,1,0,2,0,0,0,1,6,0,2,1,0,0,3,0,0,2,0,0,0,1,0,1,0,2021-06-05
5,1,3,6,0,1,0,3,1,1,0,0,0,2,6,2,1,0,0,0,2,0,0,0,1,0,0,0,0,3,0,2021-06-06
4,2,2,8,0,2,0,2,0,1,0,1,0,0,5,2,0,0,0,1,3,2,0,0,0,0,0,0,0,3,0,2021-06-07
13,0,0,4,0,2,1,1,1,2,0,0,1,0,10,0,0,0,0,0,5,0,1,0,0,0,0,0,0,1,1,2021-06-08
5,1,1,8,0,2,0,0,1,0,0,0,0,2,7,3,1,0,0,1,1,1,1,0,0,0,0,1,0,1,0,2021-06-09
3,1,3,4,0,1,0,0,1,2,0,0,0,1,9,3,1,0,0,1,0,0,3,0,0,0,0,0,0,2,0,2021-06-10
9,1,0,7,0,2,0,1,1,2,1,0,0,5,8,0,0,0,0,1,1,0,0,0,0,0,0,0,0,1,0,2021-06-11
6,3,0,4,0,2,0,0,2,1,0,0,1,4,0,0,1,0,1,1,2,0,1,0,0,0,0,0,0,3,0,2021-06-12
3,2,3,3,0,1,1,0,0,1,0,0,0,2,5,0,1,0,0,1,2,0,1,1,0,0,0,0,1,2,0,2021-06-13
8,1,1,4,0,1,1,1,0,1,1,1,0,4,7,0,0,0,0,1,3,0,0,0,0,0,0,0,0,0,0,2021-06-14
6,1,0,4,0,2,0,0,2,4,0,1,1,0,10,1,0,2,0,0,6,0,0,0,0,1,0,0,0,0,0,2021-06-15
11,2,0,4,0,1,2,0,0,1,0,0,0,2,4,2,1,1,0,0,3,0,0,2,0,0,0,0,1,0,0,2021-06-16
11,0,2,4,0,0,1,0,0,0,0,0,0,6,6,1,1,0,0,2,2,0,0,0,0,0,1,0,0,1,0,2021-06-17
6,0,3,5,0,3,2,0,1,1,0,0,1,5,5,1,0,0,0,0,3,0,0,0,0,0,0,0,1,0,0,2021-06-18
3,0,2,7,0,4,0,0,0,3,0,0,0,3,12,0,1,0,0,2,2,0,0,0,0,0,0,0,0,1,0,2021-06-19
5,0,1,8,0,1,0,0,3,2,0,0,0,5,7,0,1,1,0,4,1,1,0,0,0,0,0,0,0,2,0,2021-06-20
9,0,0,4,1,0,0,0,0,0,0,0,0,11,8,1,1,0,0,0,2,0,0,0,0,0,0,0,2,3,0,2021-06-21
9,1,0,5,0,1,1,1,1,2,0,0,0,4,13,1,0,0,0,2,2,1,0,0,0,0,0,0,0,1,0,2021-06-22
10,0,1,4,0,0,0,0,0,3,0,1,0,5,4,1,0,1,0,0,0,0,2,1,0,0,0,0,0,1,0,2021-06-23
5,2,0,6,0,1,0,0,0,2,0,0,0,8,8,0,1,0,0,0,1,0,1,0,0,0,0,0,0,4,0,2021-06-24
4,0,0,8,0,1,3,0,0,4,0,0,1,8,10,2,0,0,0,1,0,0,0,0,0,0,0,0,0,1,0,2021-06-25
9,2,2,3,0,0,1,0,2,2,0,0,0,9,8,1,0,0,0,0,3,1,0,3,0,0,0,0,0,2,0,2021-06-26
13,1,4,7,0,0,0,1,0,0,0,0,0,10,9,2,0,0,0,0,1,0,0,0,0,0,0,0,0,2,0,2021-06-27
6,0,1,3,0,1,2,1,1,1,0,0,0,8,11,1,1,0,0,0,1,1,0,0,1,0,0,0,1,2,0,2021-06-28
8,0,0,3,0,0,1,0,1,2,0,0,0,14,11,0,0,0,1,2,2,0,0,0,0,0,0,0,0,2,0,2021-06-29
16,0,0,5,0,2,0,0,0,4,0,0,0,7,6,0,0,0,1,0,1,0,0,2,0,0,0,0,1,2,0,2021-06-30
19,0,1,1,0,0,0,0,1,3,0,0,0,12,9,2,0,1,0,1,1,0,0,1,0,0,0,0,1,0,0,2021-07-01
9,0,0,11,0,3,0,0,0,4,0,0,1,15,5,2,0,0,0,3,0,0,0,1,0,0,0,0,0,0,0,2021-07-02
11,1,3,3,0,0,0,0,0,0,0,0,0,10,7,0,0,2,0,0,1,0,0,0,0,0,0,0,1,3,0,2021-07-03
23,2,4,5,0,0,1,0,3,1,0,1,0,9,9,0,0,0,0,3,2,2,0,0,0,0,0,0,1,3,0,2021-07-04
21,0,0,8,0,0,0,0,2,2,1,0,0,17,4,0,1,1,0,3,0,0,0,1,0,0,0,0,0,0,0,2021-07-05
19,1,0,7,0,1,0,0,6,3,0,0,0,15,7,1,0,0,0,1,0,0,1,3,0,0,0,0,1,1,0,2021-07-06
22,2,1,3,0,1,0,0,2,0,0,0,0,10,5,1,1,1,0,2,1,1,0,0,0,0,0,0,1,3,0,2021-07-07
13,2,0,8,0,0,0,0,3,1,0,0,0,8,3,1,1,0,0,2,0,0,1,0,0,0,0,0,0,0,1,2021-07-08
21,1,1,1,0,1,1,0,1,2,0,0,0,8,5,2,0,0,0,1,3,1,1,0,0,0,0,0,0,2,0,2021-07-09
29,2,1,2,0,0,0,0,1,3,0,0,2,9,3,2,1,0,0,2,2,2,0,1,0,0,0,0,0,2,0,2021-07-10
21,5,0,8,0,0,0,0,2,0,0,0,1,13,4,1,5,2,0,0,0,1,0,2,0,0,0,0,0,0,0,2021-07-11
31,7,2,3,0,0,1,1,1,5,0,0,1,8,3,4,0,0,0,1,1,1,2,0,0,0,0,0,3,0,0,2021-07-12
22,2,2,3,0,0,1,0,2,1,0,0,0,14,10,3,0,1,0,1,3,1,3,1,0,0,0,0,0,1,0,2021-07-13
30,4,0,4,0,0,0,0,2,1,0,0,0,7,7,2,1,1,0,1,3,2,0,2,0,0,0,0,0,0,0,2021-07-14
31,3,2,3,0,0,1,0,3,0,0,0,0,7,7,3,3,2,3,0,3,0,3,1,0,0,0,0,0,2,0,2021-07-15
25,5,5,6,0,2,0,2,3,1,0,0,0,7,5,0,0,0,1,2,4,1,1,0,0,0,0,0,1,1,0,2021-07-16
29,10,1,4,0,2,0,0,5,0,0,0,1,8,7,3,2,2,1,1,2,0,0,0,0,0,0,0,0,2,0,2021-07-17
34,4,5,7,0,0,0,1,4,4,0,0,0,6,4,2,2,2,0,2,1,3,0,0,0,0,0,0,1,1,0,2021-07-18
35,7,0,12,0,1,0,0,3,3,2,1,2,7,2,3,4,1,1,2,0,3,3,3,0,0,0,0,0,2,0,2021-07-19
43,14,3,5,0,1,0,0,5,4,0,0,0,8,4,4,2,5,0,2,1,2,2,0,0,0,0,0,0,2,0,2021-07-20
44,11,1,10,0,3,0,0,4,3,0,0,3,14,8,4,1,1,0,0,3,4,0,0,0,0,0,0,1,5,0,2021-07-21
39,4,1,5,0,0,1,0,4,0,0,0,1,9,4,1,1,3,0,1,3,1,1,0,0,0,0,0,1,0,0,2021-07-22
37,20,1,5,0,1,1,0,8,3,0,2,2,12,3,4,4,4,1,3,7,1,3,1,0,0,0,0,1,3,0,2021-07-23
38,21,1,6,0,1,0,0,6,2,0,1,1,9,2,2,3,2,0,1,2,1,1,3,0,0,0,0,3,0,0,2021-07-24
52,11,1,11,0,0,0,0,5,3,0,1,0,3,2,3,3,4,2,1,5,1,3,3,0,0,0,1,3,3,1,2021-07-25
44,12,0,8,1,0,0,1,8,3,0,0,1,5,2,9,3,2,1,1,11,6,3,0,0,0,0,0,4,2,0,2021-07-26
48,18,2,10,0,0,1,1,4,5,0,0,2,9,4,4,6,4,1,0,7,9,4,0,0,0,0,0,0,3,1,2021-07-27
54,16,4,6,0,0,0,1,9,4,0,3,2,2,2,12,7,7,0,1,1,5,3,2,0,0,0,0,1,2,0,2021-07-28
65,15,3,4,0,1,0,1,11,5,0,0,1,5,5,6,6,1,0,2,5,9,3,1,0,0,0,0,1,2,2,2021-07-29
51,16,4,12,0,1,0,1,18,5,0,1,3,5,6,3,2,3,3,2,2,6,5,4,0,0,0,0,4,2,0,2021-07-30
67,28,3,4,0,0,0,0,13,4,0,0,1,5,6,7,6,2,1,2,7,12,2,1,0,0,0,1,6,1,1,2021-07-31
63,13,3,11,0,0,1,0,9,4,0,2,3,3,6,8,11,7,1,3,5,12,8,1,0,0,0,1,1,1,0,2021-08-01
81,13,1,4,0,0,0,3,19,10,0,1,1,6,1,11,5,5,0,2,8,16,9,1,0,0,0,0,8,3,2,2021-08-02
60,20,5,7,0,0,0,1,16,0,0,1,2,4,2,10,9,5,2,4,7,17,2,2,1,0,0,0,3,2,0,2021-08-03
68,31,1,7,0,1,0,0,14,8,0,2,3,0,6,6,2,6,7,0,8,7,4,2,0,1,0,0,3,2,1,2021-08-04
62,17,4,13,0,1,0,0,13,4,0,5,3,4,5,7,5,2,3,2,7,7,2,4,0,0,0,0,3,6,0,2021-08-05
64,25,1,6,1,2,0,2,9,1,0,1,1,5,3,10,6,4,2,7,6,4,4,5,0,0,0,0,4,4,2,2021-08-06
56,23,5,8,0,0,0,2,7,1,1,1,3,2,4,10,5,4,1,4,11,5,2,0,0,0,0,0,2,8,1,2021-08-07
75,14,3,6,0,3,2,0,9,3,0,2,0,1,4,11,4,5,0,3,12,10,7,1,0,0,0,1,0,2,2,2021-08-08
61,22,5,9,0,5,0,1,13,9,0,4,1,4,8,14,4,4,2,2,10,6,9,3,1,1,0,1,0,5,2,2021-08-09
79,10,3,8,0,4,0,1,15,7,0,1,4,3,4,10,2,7,3,2,13,9,4,4,1,0,0,0,4,3,0,2021-08-10
74,15,2,11,0,2,0,0,12,4,0,2,5,4,2,13,10,6,3,2,10,9,5,2,0,0,0,0,2,2,1,2021-08-11
59,14,6,9,0,2,1,0,12,1,0,1,2,0,4,9,11,1,5,1,13,10,7,0,0,0,1,1,3,4,1,2021-08-12
79,16,3,13,0,2,0,1,7,3,0,4,1,1,7,18,6,6,1,2,15,8,9,6,0,0,0,0,3,1,0,2021-08-13
78,13,5,7,0,0,0,0,15,5,0,0,2,1,4,15,3,2,2,2,21,6,9,1,1,0,0,1,2,3,0,2021-08-14
71,13,2,8,1,1,0,2,13,1,0,2,2,0,2,14,10,7,4,2,25,6,4,0,0,1,0,1,4,1,0,2021-08-15
72,13,2,12,0,1,0,1,21,7,0,2,2,4,5,14,6,2,1,3,24,6,8,2,1,0,0,1,3,3,0,2021-08-16
69,9,6,5,0,0,0,6,10,5,0,1,4,1,3,19,6,5,5,1,19,3,5,4,1,0,0,0,3,4,1,2021-08-17
64,13,3,12,0,1,0,7,16,3,0,2,5,2,8,19,5,2,2,5,19,4,6,6,3,0,0,0,4,12,2,2021-08-18
52,11,3,5,0,0,0,3,12,5,0,1,3,0,4,20,4,1,3,1,12,5,10,3,0,0,1,1,7,3,1,2021-08-19
63,13,2,6,0,0,1,1,10,4,0,0,2,1,2,19,4,4,0,2,11,8,6,7,0,0,0,2,1,7,3,2021-08-20
50,13,5,15,0,1,0,0,21,4,1,1,2,1,5,15,7,0,3,4,23,8,5,10,0,0,0,1,3,3,1,2021-08-21
60,12,1,6,1,1,0,4,13,3,0,2,0,0,3,18,5,6,4,1,25,6,12,2,2,1,0,0,4,4,0,2021-08-22
74,9,7,8,0,0,0,5,13,7,0,3,1,0,4,15,3,3,5,1,15,5,6,6,1,0,0,1,2,4,0,2021-08-23
62,9,4,7,0,0,0,3,20,4,0,2,3,0,5,10,6,5,1,0,21,6,4,6,1,0,0,0,4,9,0,2021-08-24
50,9,4,3,0,0,0,4,8,4,0,1,0,2,2,10,3,4,4,1,16,4,9,1,2,1,0,0,2,3,1,2021-08-25
64,18,7,6,0,0,0,2,15,4,0,1,0,1,6,17,12,2,5,3,19,4,8,2,1,0,0,3,4,1,0,2021-08-26
47,9,2,3,0,0,0,2,17,2,0,0,1,3,7,16,3,6,1,4,22,7,7,10,1,2,0,1,2,5,0,2021-08-27
55,7,8,8,0,1,0,1,11,5,0,0,1,2,4,17,3,2,1,0,28,2,9,4,1,0,1,1,3,9,4,2021-08-28
53,8,1,5,0,0,0,3,11,5,0,0,1,0,6,11,2,0,3,3,20,2,7,5,1,1,1,1,1,5,0,2021-08-29
52,5,3,7,1,0,0,3,16,7,0,4,1,2,4,22,6,1,3,2,13,2,6,4,0,1,0,2,2,3,0,2021-08-30
53,5,3,5,0,0,0,2,10,4,0,1,1,0,9,25,5,2,2,0,24,2,4,5,1,1,0,1,2,4,0,2021-08-31
53,2,5,8,0,0,0,2,20,8,0,0,1,0,3,4,5,1,3,3,21,3,9,2,1,0,0,1,2,3,1,2021-09-01
55,8,4,6,0,0,0,3,13,5,1,0,1,1,3,10,2,3,3,4,22,1,6,6,0,1,0,0,1,4,0,2021-09-02
41,10,8,4,0,1,1,3,17,8,0,1,2,0,7,18,2,2,1,5,23,1,7,4,2,0,0,0,1,2,0,2021-09-03
42,3,9,7,0,1,1,3,13,1,0,0,1,0,12,6,3,2,2,2,14,4,9,4,3,1,0,0,1,8,1,2021-09-04
48,3,9,6,0,0,0,2,13,1,0,2,3,0,5,16,2,1,0,2,18,1,8,6,1,0,0,0,3,6,2,2021-09-05
43,2,1,3,0,0,1,5,8,2,0,0,4,1,12,10,6,1,2,0,10,3,5,5,1,0,1,0,4,9,0,2021-09-06
45,2,9,6,0,0,1,4,9,7,0,1,0,1,12,12,5,1,2,2,19,2,6,3,2,0,0,1,5,10,0,2021-09-07
52,2,4,8,0,0,0,1,7,4,0,1,1,0,4,10,3,0,5,0,27,3,7,3,1,1,0,1,1,3,1,2021-09-08
48,4,9,2,0,1,1,4,12,4,0,1,0,1,5,6,4,2,3,1,21,5,13,1,0,1,0,1,1,2,0,2021-09-09
40,5,5,1,1,1,0,1,11,6,0,1,0,0,4,9,1,1,1,0,18,3,9,7,0,0,0,1,3,5,0,2021-09-10
33,2,6,3,1,1,0,1,11,3,0,1,1,0,7,9,5,0,1,1,20,5,7,0,0,0,0,1,2,4,1,2021-09-11
38,5,7,6,0,1,0,1,8,3,0,0,0,0,9,6,3,5,1,0,18,2,12,2,0,0,0,1,2,3,0,2021-09-12
55,2,1,3,0,0,0,1,2,1,0,1,0,2,7,3,4,1,1,1,23,3,9,2,1,0,1,0,3,6,0,2021-09-13
35,0,6,2,0,1,0,0,10,3,0,0,1,0,4,6,4,1,2,1,15,4,9,2,3,0,0,0,0,5,1,2021-09-14
36,2,7,6,0,0,0,3,12,3,0,0,1,0,3,12,5,0,1,0,15,0,7,3,0,0,0,1,0,8,3,2021-09-15
34,1,7,4,0,0,0,3,5,2,0,0,0,0,5,5,7,1,1,2,22,0,8,2,2,0,0,3,0,5,1,2021-09-16
35,1,0,6,0,2,1,2,13,7,0,0,1,2,6,10,5,0,1,0,17,0,6,1,0,0,3,1,1,3,0,2021-09-17
25,0,4,3,0,2,0,1,9,2,0,0,1,0,13,6,4,2,4,0,18,2,7,3,1,0,0,1,0,5,1,2021-09-18
22,2,7,0,0,0,0,5,4,3,0,1,0,0,4,13,2,1,0,2,18,1,8,1,1,0,0,0,3,4,1,2021-09-19
31,2,4,1,0,1,0,3,6,4,0,0,2,0,5,6,5,2,2,0,21,2,6,2,0,0,0,0,1,3,1,2021-09-20
27,0,5,2,0,0,0,2,10,7,0,1,0,1,8,7,6,0,1,1,13,0,12,5,0,0,1,2,2,8,0,2021-09-21
24,2,2,1,0,1,0,1,6,7,0,0,1,0,8,3,3,0,1,0,12,0,4,3,0,0,0,0,4,8,1,2021-09-22
24,0,5,0,0,0,0,1,8,2,0,0,0,0,8,3,2,1,0,0,10,1,5,8,0,0,0,0,1,3,1,2021-09-23
24,0,2,1,0,2,0,1,7,3,0,1,0,1,5,6,2,0,1,0,13,2,5,1,1,0,0,1,1,3,0,2021-09-24
25,1,5,4,0,1,0,0,8,2,0,0,0,1,4,8,2,0,1,0,13,0,5,3,1,0,0,0,0,8,0,2021-09-25
22,0,2,3,1,0,0,1,6,0,0,0,0,0,3,7,1,1,3,0,11,0,11,4,0,0,0,0,2,11,0,2021-09-26
33,1,2,2,0,1,0,0,9,7,0,0,1,0,5,6,1,0,1,0,12,1,9,4,2,0,0,1,3,8,0,2021-09-27
15,1,1,0,0,2,0,1,8,0,0,1,2,0,9,3,3,0,2,0,12,1,11,2,1,0,0,0,1,3,0,2021-09-28
16,0,3,2,0,0,0,0,6,2,0,0,0,0,4,4,0,2,2,0,14,0,3,2,0,0,0,1,1,2,1,2021-09-29
16,0,4,1,0,1,0,0,8,3,0,0,1,1,10,5,1,0,3,0,14,0,6,2,0,0,0,0,1,1,0,2021-09-30
26,1,1,0,0,0,0,1,8,1,0,0,0,0,3,10,3,0,1,1,14,0,6,2,1,0,0,0,2,2,0,2021-10-01
19,2,0,2,0,1,0,1,4,2,0,0,0,0,8,4,2,0,0,0,7,0,10,3,0,0,0,0,1,6,0,2021-10-02
21,1,2,1,0,0,0,1,2,2,0,1,0,2,4,1,3,0,0,0,6,0,8,0,1,0,0,0,1,5,1,2021-10-03
20,0,4,2,0,3,0,2,5,2,0,0,2,1,3,6,1,1,1,1,6,3,3,1,0,0,0,0,1,4,0,2021-10-04
15,2,1,2,0,1,0,0,4,4,0,0,1,0,5,3,2,2,1,1,3,0,5,2,0,1,0,1,2,4,0,2021-10-05
11,0,1,0,0,0,0,0,6,0,0,0,0,0,3,2,2,0,1,0,4,0,6,1,0,0,0,0,1,4,1,2021-10-06
8,1,3,0,0,0,0,0,2,3,0,0,1,0,6,3,2,0,0,0,2,0,2,0,0,0,0,0,1,7,0,2021-10-07
11,0,0,0,0,0,0,0,4,1,0,0,0,0,3,1,0,0,0,0,0,0,0,1,1,0,0,0,0,5,0,2021-10-08
0,0,0,1,0,0,0,1,0,0,0,0,0,0,7,0,1,0,1,0,0,0,0,0,0,0,0,0,0,1,0,2021-10-09
1,0,0,0,0,0,0,0,0,0,0,0,0,0,0,0,0,0,0,0,0,0,0,0,0,0,0,0,0,0,0,2021-10-10
