Ciudad de Mexico,Acapulco,Campeche,Cancun,Chichen Itza,Chihuahua,Cozumel,Cuernavaca,Guadalajara,Hermosillo,Isla Mujeres,Ixtapa Zihuatanejo,La Paz,Los Cabos,Merida,Monterrey,Morelia,Nuevo Vallarta,Oaxaca de Juarez,Playa del Carmen,Puebla,Puerto Vallarta,Queretaro,San Luis Potosi,San Miguel de Allende,Taxco,Tequila,Tlaxcala,Tuxtla Gutierrez,Villahermosa,Zacatecas
70,2,0,15,0,2,1,2,1,0,0,0,1,4,7,0,2,0,0,7,15,1,3,0,0,0,0,1,3,4,0
85,1,1,13,0,1,0,2,3,0,0,0,0,8,2,1,0,0,0,0,18,0,1,0,0,0,0,0,1,13,0
99,1,0,9,0,1,0,0,4,1,0,0,0,12,8,1,1,0,0,4,10,2,4,0,0,0,0,0,1,15,0
64,0,0,7,0,1,0,3,0,3,0,0,0,1,1,0,0,0,1,3,9,0,1,1,0,0,0,0,0,3,0
59,1,0,10,0,4,0,1,0,1,0,0,2,1,4,0,2,1,0,1,5,1,0,2,1,0,0,2,1,6,0
140,6,2,28,0,4,0,2,2,1,0,0,3,15,11,3,0,0,0,6,16,1,4,0,0,0,0,0,0,5,0
144,6,0,20,0,2,0,3,1,3,0,0,0,16,10,2,0,0,0,2,12,1,3,4,0,1,0,1,0,9,0
139,5,0,25,0,2,0,6,5,1,0,0,3,19,9,4,1,1,0,4,19,2,3,2,0,0,1,0,2,14,0
150,1,2,7,0,1,2,0,0,3,0,0,1,14,8,0,1,0,0,2,9,0,1,4,0,0,0,0,1,7,1
174,1,0,14,0,3,1,1,3,1,0,0,4,3,4,5,0,0,1,7,7,3,2,1,0,1,1,0,1,8,0
128,3,0,16,0,5,1,0,0,2,0,0,1,4,7,3,0,0,0,0,8,1,3,2,0,0,0,1,0,10,0
123,3,0,20,0,0,0,1,1,0,0,0,0,3,7,3,0,0,0,1,5,1,1,0,0,1,2,0,0,21,0
294,8,0,16,0,2,1,2,4,0,0,1,5,11,20,9,3,2,1,6,15,4,7,0,0,1,0,1,2,19,0
264,3,0,15,0,5,0,5,2,0,0,0,3,13,16,6,1,0,0,2,12,0,6,0,0,0,0,1,0,27,0
256,3,1,17,0,3,1,7,1,3,0,0,4,5,26,2,2,0,0,2,17,2,2,1,0,0,1,0,2,21,0
270,3,1,22,0,6,2,1,3,1,0,0,9,3,10,4,0,0,1,4,10,1,6,1,1,1,0,2,1,30,1
356,8,1,26,0,6,2,3,3,2,0,1,3,2,10,3,3,1,0,5,14,5,4,4,4,0,0,0,5,28,1
213,2,1,32,0,5,1,3,1,1,0,0,4,0,8,1,0,0,0,12,12,0,2,0,0,2,0,0,3,30,2
216,1,0,23,0,3,0,9,3,1,0,0,4,1,8,1,0,0,0,2,11,0,2,0,0,1,0,0,1,29,0
506,5,3,35,0,7,2,15,0,0,1,1,10,3,18,2,3,0,1,8,16,5,2,1,0,2,0,0,2,40,2
485,3,0,33,0,7,0,7,8,5,1,0,9,7,13,4,1,0,3,6,13,3,2,1,0,1,0,3,3,47,0
467,3,2,27,0,6,1,16,2,8,1,1,2,2,11,4,0,2,2,7,10,4,5,0,0,0,0,0,3,40,2
418,14,2,38,0,11,0,19,5,2,0,0,11,5,16,2,4,1,2,8,17,5,5,2,0,1,0,2,5,37,3
571,16,2,17,0,18,0,14,7,7,0,0,11,3,23,4,0,1,3,6,19,3,9,5,0,0,0,3,1,35,3
312,3,2,24,0,5,0,4,3,4,0,0,3,2,16,2,3,0,3,7,24,2,0,4,0,1,0,0,3,23,0
285,11,0,20,0,4,0,21,3,7,1,0,6,1,15,2,0,0,1,7,14,1,1,2,0,1,0,1,3,21,1
547,13,0,29,0,11,0,17,4,9,2,0,10,8,26,3,4,1,2,11,17,10,3,8,0,1,0,4,6,39,1
617,19,1,36,0,32,0,10,2,21,0,0,13,1,24,4,2,0,3,5,21,2,7,7,1,0,0,5,1,30,5
652,13,3,30,0,15,0,19,6,10,0,0,9,3,19,6,1,1,0,7,29,2,5,6,0,2,0,0,7,22,3
608,8,4,25,0,16,1,15,5,14,0,0,3,3,25,3,2,1,1,7,16,7,4,5,0,2,0,4,5,58,0
406,10,4,26,0,16,0,10,5,19,0,0,8,0,11,2,3,1,5,4,18,5,5,6,0,0,0,2,1,31,0
381,31,4,66,0,17,0,6,11,17,0,0,6,2,19,6,2,1,2,4,21,6,7,2,0,2,0,1,3,32,2
346,12,7,23,0,5,0,21,4,6,0,1,6,0,11,2,0,2,0,7,22,6,5,4,0,4,0,0,2,36,0
793,28,9,25,0,14,0,12,13,21,1,0,18,2,35,6,1,0,5,10,16,5,7,6,0,1,0,6,7,50,1
647,11,4,19,1,15,0,18,4,29,0,2,11,2,21,3,1,1,9,5,15,4,8,9,1,0,0,2,12,43,2
742,25,6,32,0,13,0,18,3,10,1,0,17,4,19,6,4,3,3,5,27,2,8,8,1,3,0,2,19,54,0
782,15,3,30,0,16,1,16,15,13,2,0,5,2,16,3,4,1,7,6,38,10,11,3,0,4,0,1,12,75,1
857,29,3,15,2,15,1,20,7,19,0,0,10,0,18,6,8,0,7,12,32,4,13,11,0,1,0,6,11,45,1
451,14,1,14,0,13,0,8,9,24,0,0,13,3,9,10,4,1,6,5,26,7,20,4,0,2,0,2,8,40,1
418,21,1,14,0,7,1,19,9,12,1,1,9,3,9,3,3,0,17,7,21,3,15,8,0,3,0,1,10,35,0
881,31,10,33,0,19,0,23,11,37,1,0,12,1,23,6,3,2,9,14,42,10,25,9,0,1,0,8,10,56,1
883,35,3,30,3,16,0,16,7,28,1,0,11,3,26,8,6,4,18,7,48,5,23,10,0,1,0,7,17,51,0
926,28,7,14,0,11,1,21,10,43,0,1,9,2,40,12,16,0,13,9,60,0,18,9,1,1,0,9,30,59,4
850,57,6,30,1,13,2,9,17,22,0,1,8,3,38,9,3,0,24,6,74,6,27,9,0,0,0,2,24,66,5
1009,46,1,17,0,19,1,15,12,26,0,0,19,1,21,21,11,0,22,2,73,10,26,7,1,0,0,7,33,80,3
639,36,2,9,0,10,5,6,7,20,0,0,5,2,14,12,7,0,23,1,50,4,16,14,0,1,0,2,9,38,1
415,27,3,7,0,1,1,3,13,30,0,0,9,0,24,4,1,1,4,5,44,4,13,6,1,1,0,5,12,41,2
1134,94,3,32,3,8,2,16,23,63,0,1,10,4,33,14,7,0,41,10,94,6,30,10,0,5,0,7,31,64,0
1080,78,7,29,0,6,1,17,22,53,1,1,16,1,32,10,6,7,33,2,90,15,43,13,0,1,0,5,19,68,0
1093,115,4,27,0,10,1,14,25,61,0,0,4,6,38,14,8,3,23,5,69,7,24,14,0,2,0,6,32,81,0
1017,93,4,23,1,13,2,9,23,85,0,1,11,1,37,13,5,2,33,7,107,10,24,21,2,3,0,16,41,57,1
971,77,7,27,0,17,3,18,26,68,0,2,15,2,29,14,11,6,21,6,120,13,24,28,0,0,0,11,42,66,5
521,52,1,22,0,7,0,3,16,64,0,1,9,0,20,6,3,2,23,9,91,12,12,13,0,0,0,3,19,32,1
402,39,7,22,0,9,0,2,19,56,0,0,9,1,18,11,1,0,11,1,46,3,10,13,0,1,0,1,25,42,1
1093,82,8,22,0,21,1,18,34,67,3,0,19,7,38,35,9,6,33,16,110,5,31,18,0,1,0,12,70,77,1
953,78,9,20,0,13,0,17,34,99,0,0,10,6,29,42,10,4,27,6,109,15,23,20,0,1,0,9,59,91,0
1020,84,9,22,0,15,3,15,54,86,1,4,10,6,44,17,6,4,23,4,112,15,31,14,1,1,1,14,56,103,1
863,79,8,33,1,13,0,18,44,113,1,1,17,10,28,16,8,0,38,7,103,7,22,12,0,1,0,6,72,96,2
978,67,1,21,0,15,3,9,60,106,0,0,7,4,29,30,13,3,30,2,92,13,23,21,2,5,0,4,56,68,6
570,40,7,17,0,2,1,7,41,51,0,1,9,1,16,14,4,3,30,2,83,14,20,13,2,0,0,5,27,58,2
447,69,3,10,0,2,0,5,30,59,0,1,9,1,11,4,3,3,13,5,39,6,11,10,0,0,0,3,37,54,2
1115,101,8,26,0,9,1,19,82,81,0,2,5,7,37,35,29,6,53,5,124,15,27,15,2,2,0,11,73,86,3
947,70,2,39,0,16,1,11,52,74,0,2,9,3,30,29,14,7,56,7,118,8,36,29,3,3,0,5,76,52,1
1015,74,11,25,0,16,5,15,69,75,0,2,15,7,33,28,23,3,56,2,135,11,35,27,1,2,0,6,53,59,2
953,72,31,18,0,9,1,11,59,76,0,1,7,7,20,46,14,6,75,6,138,3,31,32,0,2,0,10,56,78,3
981,73,4,17,0,16,1,12,70,62,0,3,15,4,22,45,14,5,57,5,135,13,24,33,4,3,0,7,54,68,2
557,66,11,15,0,12,0,6,42,74,0,1,6,5,33,21,18,3,53,4,86,6,19,17,3,2,0,5,21,74,1
412,46,9,16,0,7,0,7,30,45,0,2,9,3,26,8,7,3,13,3,69,3,22,24,1,2,0,9,30,69,1
1056,69,18,34,0,17,2,21,98,102,0,9,10,10,45,99,22,12,50,3,216,13,35,35,1,2,2,12,61,112,2
1017,78,20,24,0,18,3,15,79,96,0,5,13,9,41,46,18,7,45,2,159,20,31,30,2,1,0,7,57,114,4
969,75,28,24,1,17,4,12,86,89,2,2,6,10,34,62,31,1,46,9,178,13,27,34,4,0,0,17,48,145,3
898,70,21,27,0,19,4,11,77,95,0,3,11,16,37,77,14,5,38,4,207,18,20,38,2,2,1,11,45,112,4
936,92,14,20,0,10,3,7,65,101,1,7,6,7,31,98,28,8,31,5,237,13,29,33,1,4,0,9,45,148,3
427,46,7,18,0,4,3,8,39,91,0,3,12,1,20,80,12,5,34,3,121,2,26,21,0,0,0,4,21,86,3
360,46,11,20,0,6,1,9,46,71,0,3,2,6,35,35,8,7,22,12,106,7,19,16,2,2,0,4,24,61,2
942,64,42,41,0,13,2,16,102,127,1,5,12,10,56,95,35,10,53,17,283,6,41,55,4,1,0,16,35,138,9
1002,76,35,32,0,21,4,13,78,113,0,8,7,13,69,67,32,6,40,5,263,15,33,39,0,3,0,13,33,114,8
973,53,57,26,0,14,0,8,97,115,0,7,4,10,60,51,25,5,43,11,273,10,29,38,0,1,0,9,41,124,3
956,46,32,39,0,24,2,13,108,106,2,8,7,4,46,64,20,6,49,4,350,8,31,38,5,2,0,13,54,121,8
898,88,47,26,0,19,0,9,65,141,0,4,14,6,68,72,37,7,36,23,299,13,18,39,2,0,0,9,37,127,2
467,22,19,21,0,10,1,9,49,87,0,3,2,7,56,62,28,3,26,4,169,9,22,23,2,0,0,5,17,81,3
298,21,17,24,0,7,0,4,42,84,1,3,3,5,45,27,20,10,10,7,116,6,13,11,0,2,1,7,14,59,1
899,84,61,34,1,13,5,5,99,157,0,9,11,9,87,102,43,15,63,18,337,12,36,30,7,3,0,12,40,108,3
900,58,42,35,0,21,2,13,92,138,0,5,10,11,84,103,22,6,45,15,267,15,30,49,0,0,0,15,38,103,5
832,41,48,39,0,14,3,21,80,118,2,12,13,16,97,91,38,8,38,16,232,14,27,39,3,0,0,17,39,96,1
855,47,36,48,0,10,2,5,77,164,1,12,12,17,104,93,18,7,42,8,312,17,31,38,1,1,1,10,40,125,13
937,62,43,73,0,10,7,6,84,129,0,6,7,11,102,98,19,5,40,15,263,21,30,42,5,1,0,20,31,101,5
382,99,23,28,0,5,1,4,60,97,0,3,5,6,52,72,7,6,26,6,144,6,21,39,1,0,0,8,16,91,5
341,129,28,25,0,3,2,4,39,116,0,7,3,0,45,51,8,8,14,13,75,7,17,23,0,1,0,14,20,99,3
983,138,48,50,3,15,5,8,66,182,2,16,6,22,112,125,27,8,43,34,215,14,49,44,5,0,0,20,35,127,7
939,175,42,60,1,11,7,14,101,218,0,5,7,20,98,124,13,5,43,11,245,17,36,39,2,2,0,15,23,180,5
1024,152,38,40,0,20,4,13,84,220,1,8,11,19,110,143,26,7,54,25,237,16,32,53,4,1,0,13,21,178,5
885,150,51,68,0,27,2,13,70,247,2,6,4,17,102,109,16,7,52,8,178,16,50,56,3,2,0,16,18,195,11
952,166,21,46,2,22,3,8,74,167,2,9,9,24,120,101,25,4,61,20,166,12,22,80,5,0,0,16,22,147,8
394,131,17,35,0,7,4,2,50,122,0,5,4,5,36,90,4,10,41,9,115,10,17,32,6,2,0,6,16,56,4
251,89,20,31,1,14,0,2,48,186,0,10,3,8,28,64,12,3,8,8,75,3,23,20,0,1,0,9,10,58,10
1005,42,41,69,0,13,2,11,85,294,7,13,5,31,99,149,28,15,57,24,226,22,34,67,4,3,1,15,22,110,6
961,34,44,80,0,14,3,6,88,237,0,15,11,21,114,139,31,9,61,13,212,19,54,65,3,4,0,14,19,150,7
962,19,40,63,0,29,6,6,62,243,2,10,4,25,118,155,25,4,53,27,218,33,46,73,7,1,1,10,14,140,12
757,29,37,66,2,22,6,13,80,227,3,13,8,42,106,154,17,5,41,15,243,17,46,89,1,0,0,14,13,175,4
882,67,45,55,0,28,3,13,96,211,2,17,9,27,112,142,28,12,55,19,201,20,40,103,6,0,1,13,12,143,7
426,13,19,35,1,16,4,4,56,150,0,2,2,5,59,111,15,7,34,11,115,13,34,92,1,0,0,13,5,92,10
272,80,21,36,0,14,0,5,50,126,5,11,4,11,62,67,14,7,6,8,101,13,19,39,4,1,0,5,6,101,10
1083,97,51,71,0,25,7,19,118,319,1,9,14,50,107,185,27,9,45,25,256,19,59,105,5,1,0,16,22,184,9
937,89,23,83,0,31,5,10,112,236,2,17,12,43,109,185,30,8,46,28,249,35,44,151,7,2,1,19,21,189,12
1231,72,49,55,0,28,14,8,97,227,1,5,3,46,127,170,36,12,25,12,260,24,65,145,2,3,0,20,12,205,13
1150,90,54,63,1,31,7,9,91,212,1,16,8,46,120,191,37,10,41,16,253,22,49,147,3,0,0,22,18,181,19
1195,78,64,52,1,25,5,9,109,225,2,8,3,31,107,148,36,10,29,20,270,25,54,162,11,1,0,20,12,184,9
673,43,25,35,0,18,4,3,60,141,0,2,8,22,46,88,23,5,38,6,127,15,30,94,5,3,1,13,10,138,7
276,63,13,25,0,12,5,9,41,130,2,6,2,12,50,65,24,2,6,3,96,7,22,120,1,1,0,12,17,120,8
1163,125,47,63,1,33,9,8,105,190,1,15,4,50,141,177,34,7,54,22,301,27,56,144,9,2,2,24,23,188,14
1172,28,46,58,1,27,4,9,105,94,3,14,5,33,109,172,45,2,46,25,237,30,52,161,4,4,0,16,8,211,22
1216,30,28,73,0,40,4,11,94,108,2,32,5,38,133,177,37,9,47,24,238,25,47,158,12,6,0,10,8,157,18
1127,30,41,66,1,41,8,8,68,166,2,70,7,44,148,220,46,7,39,12,229,24,47,182,13,0,0,10,12,199,14
1080,23,37,57,2,35,3,6,80,182,1,94,4,33,135,140,43,6,48,22,199,20,39,196,4,2,0,13,6,217,17
568,23,17,31,0,14,4,6,44,133,0,35,6,15,43,88,17,1,36,8,145,15,35,126,3,1,0,8,4,149,13
270,19,11,23,2,20,2,5,54,105,8,3,1,17,31,41,21,2,6,2,57,6,24,58,0,2,0,8,12,128,4
1074,87,25,66,0,21,7,13,107,183,0,41,9,55,159,79,46,6,56,23,264,37,59,178,1,1,0,14,11,212,11
1079,53,27,66,0,35,4,15,79,200,5,36,6,54,202,110,42,3,40,12,218,25,56,198,6,1,0,14,6,213,21
1091,54,30,67,3,37,6,13,65,211,1,12,9,38,176,74,50,5,36,21,206,22,64,173,0,0,0,14,8,192,17
1064,82,25,49,0,38,11,15,71,226,3,37,10,49,224,107,40,3,28,11,223,17,53,153,10,1,0,14,5,164,25
949,61,32,44,0,14,4,14,54,176,2,45,8,30,114,91,41,6,28,14,163,19,54,174,9,1,0,14,11,194,20
553,52,22,24,0,36,4,6,36,117,0,35,4,18,74,42,28,5,24,5,100,15,34,113,6,0,0,10,5,121,13
275,38,17,35,0,18,1,4,24,78,2,2,2,14,33,28,20,3,6,5,58,9,20,67,3,0,1,2,5,83,5
880,70,27,40,3,26,12,16,70,157,6,28,10,56,100,104,36,4,33,10,208,23,66,159,6,4,0,18,9,114,15
1045,63,18,55,0,38,5,12,75,192,0,31,5,57,82,132,27,5,55,10,180,21,64,163,8,1,0,9,4,120,22
1029,90,12,49,2,42,7,6,74,173,1,28,14,57,104,121,44,2,26,16,190,23,60,176,5,1,0,10,6,126,15
930,24,13,31,1,19,4,14,59,153,1,45,5,41,83,126,40,4,25,13,206,26,66,157,7,3,0,10,9,151,23
1007,35,15,27,2,39,4,12,77,175,1,42,1,46,87,121,60,2,18,9,171,27,61,167,10,0,0,9,5,133,18
481,8,8,21,0,27,1,7,31,116,0,0,4,16,62,63,34,5,28,4,120,11,28,116,2,0,1,9,1,70,22
202,12,6,19,1,21,2,2,33,82,9,2,1,18,54,56,21,2,6,3,56,4,27,60,3,0,0,3,1,66,15
904,44,15,56,1,27,8,15,84,130,6,5,6,35,85,132,76,3,32,14,193,18,79,166,2,2,0,18,5,115,28
1049,24,9,32,0,34,1,13,72,138,2,3,5,42,105,107,57,4,24,13,194,14,73,132,10,1,1,8,2,114,30
1041,29,17,34,2,27,4,15,56,130,3,5,4,42,61,121,74,6,31,16,162,20,70,169,9,4,1,8,7,86,29
1017,33,9,27,0,32,6,7,67,150,1,19,5,44,83,120,26,6,25,5,148,21,48,162,6,1,1,16,5,99,10
1048,38,3,32,3,29,3,18,72,159,0,6,6,44,109,109,52,3,15,8,152,18,81,175,6,2,1,9,10,97,22
484,31,4,15,1,27,4,4,33,80,2,4,0,19,69,62,38,2,23,10,84,17,40,98,2,0,0,7,2,72,18
198,8,3,28,0,15,1,3,34,54,6,1,2,20,56,50,27,1,6,4,44,7,36,103,0,1,0,3,3,50,7
1018,33,14,33,2,27,3,20,89,123,2,6,9,35,105,132,66,3,36,11,160,23,71,183,4,3,0,17,9,90,30
1198,25,23,25,2,33,2,19,82,111,5,2,3,34,108,121,56,2,38,8,146,10,56,185,4,2,0,7,6,99,19
1145,33,18,17,1,41,3,9,71,82,1,1,8,12,70,121,60,3,28,8,133,13,92,173,3,0,0,3,4,99,18
980,28,8,24,7,46,6,17,66,69,0,2,5,5,87,125,69,3,29,12,116,21,66,164,5,2,2,11,4,86,31
1096,14,15,35,1,39,2,10,67,105,3,2,6,32,71,108,53,0,29,5,133,10,60,170,2,0,1,7,7,77,21
518,16,4,17,0,21,3,3,41,65,1,1,3,24,32,60,34,5,21,0,84,16,38,95,0,0,0,7,5,59,16
288,11,3,18,0,10,0,0,43,42,1,1,2,22,51,41,29,4,6,6,42,7,24,69,3,0,0,9,3,65,10
1104,39,15,26,7,42,4,16,85,86,6,3,7,32,93,127,75,6,61,7,159,32,98,187,7,0,0,16,3,59,16
1094,58,13,35,1,47,4,15,87,87,0,8,10,33,79,165,45,2,27,3,132,23,102,167,8,0,1,18,8,85,24
1462,22,5,20,0,65,2,12,69,141,5,3,6,24,85,178,77,5,32,7,116,30,96,172,7,0,0,9,3,92,17
1279,49,4,32,3,45,2,9,92,95,5,0,4,24,154,171,49,0,40,9,121,14,90,127,3,0,0,4,2,108,28
1307,54,18,33,2,31,1,9,80,112,0,5,12,21,156,146,65,3,22,5,137,16,76,127,5,0,1,9,1,88,20
748,10,4,17,0,35,2,5,30,61,1,0,4,20,28,79,30,3,27,4,47,3,59,76,4,0,0,4,0,71,9
265,13,3,21,0,27,0,2,35,32,6,0,0,12,30,55,29,0,6,3,57,12,47,62,3,2,2,4,2,59,4
1073,58,15,37,0,34,2,18,120,125,2,7,7,25,117,126,82,4,29,13,119,19,115,155,10,0,0,8,6,97,13
1455,38,6,35,1,65,1,8,95,99,2,1,9,30,74,160,77,7,40,7,125,12,127,139,14,4,0,1,7,114,20
1499,49,5,29,0,67,1,10,82,52,0,20,6,32,97,146,63,3,31,9,105,17,76,154,12,1,2,5,3,69,26
1380,62,2,26,2,35,0,7,93,47,1,4,12,24,87,131,85,0,29,3,135,15,72,122,3,0,2,10,2,67,24
1259,51,11,18,6,42,3,11,90,70,0,21,7,27,86,124,57,5,31,3,102,16,89,120,7,0,1,9,4,79,27
673,20,2,13,0,25,0,7,41,68,1,5,6,16,39,57,60,2,32,2,66,4,45,52,1,0,0,2,3,60,20
261,24,0,17,0,17,0,1,38,24,2,3,0,15,38,45,45,2,6,1,37,4,33,37,3,2,1,8,5,55,12
1007,99,13,32,6,59,2,9,119,90,6,12,10,24,117,128,50,9,47,10,112,15,83,118,9,1,0,4,3,71,13
1395,83,7,31,3,43,2,11,93,105,1,2,9,37,100,165,54,1,33,11,108,10,79,137,15,1,0,8,6,82,27
1339,63,8,26,0,38,2,7,77,89,0,9,12,21,101,146,58,3,66,4,116,17,81,124,5,0,2,7,5,46,18
1238,68,1,22,4,39,0,10,79,78,2,4,6,22,84,91,73,2,41,3,110,14,46,107,2,2,0,6,8,73,25
1213,92,9,8,8,37,3,5,82,71,0,4,11,17,79,96,49,2,17,2,80,16,61,144,17,0,0,3,4,68,26
749,15,8,10,0,28,2,3,38,47,0,1,2,10,34,44,32,0,68,2,43,9,18,51,6,1,0,4,0,63,8
242,25,3,4,0,7,1,4,43,47,2,4,4,14,42,36,18,7,11,4,22,4,24,41,0,0,1,4,0,63,18
1005,100,4,21,2,37,1,10,102,104,0,12,15,20,59,135,60,2,40,13,122,19,80,160,3,2,1,10,2,66,26
798,61,1,16,2,47,4,12,42,67,0,5,12,15,67,92,42,2,52,4,74,10,54,95,20,3,2,9,6,71,18
237,21,3,15,0,25,1,2,41,69,2,1,3,21,24,59,37,2,38,1,52,6,26,49,1,0,0,4,1,38,14
1305,79,4,22,2,37,1,17,106,88,9,17,8,18,93,157,37,2,54,6,100,16,49,124,5,0,0,9,5,87,20
1175,68,20,18,2,47,1,13,82,76,1,4,14,25,68,124,42,6,34,8,84,18,59,152,12,2,1,2,3,73,13
665,35,2,23,0,21,3,1,43,57,0,4,1,13,37,77,29,2,52,1,48,7,31,74,0,0,0,8,3,41,6
271,19,6,7,0,22,2,4,33,21,3,0,3,7,24,70,17,2,4,4,33,10,29,35,3,0,0,6,0,37,4
1000,86,5,34,4,62,4,20,99,54,1,3,6,26,79,175,56,8,49,9,99,19,91,154,7,1,1,3,7,57,20
1271,86,2,30,1,39,5,9,103,101,0,13,11,22,83,163,56,3,59,8,118,27,72,161,4,0,0,13,6,65,27
1232,72,10,25,2,37,1,15,90,84,0,17,4,20,90,152,89,3,47,6,72,26,78,125,5,0,0,14,2,64,14
1184,68,4,25,0,29,4,10,113,80,1,18,10,30,107,170,40,4,29,5,75,26,64,87,5,1,0,6,5,64,25
1169,51,8,43,4,44,2,11,86,67,1,5,4,25,73,150,60,1,43,5,91,29,68,114,4,0,1,3,4,64,15
764,23,1,27,0,28,0,3,26,51,0,2,10,6,13,73,29,4,38,3,53,13,30,57,0,0,0,1,2,32,7
316,21,2,17,0,16,0,0,41,24,0,2,2,8,38,57,25,1,8,3,41,6,25,43,0,0,0,1,2,50,10
1142,106,5,52,1,57,5,11,114,100,2,3,4,26,87,179,68,3,49,9,108,18,83,120,6,1,1,6,2,58,29
1240,84,3,31,0,57,2,14,102,96,0,10,9,28,76,158,53,6,47,5,59,25,87,96,3,2,2,7,4,55,41
1228,66,8,18,3,45,5,10,95,95,0,20,4,35,79,126,43,6,37,6,68,23,86,122,10,1,0,5,3,48,29
1190,49,7,33,0,50,1,21,99,98,0,3,9,23,79,134,53,3,55,8,88,18,95,84,9,1,0,3,6,18,30
1066,71,4,33,1,41,1,16,95,96,0,0,6,27,67,134,50,3,39,5,103,23,83,129,3,1,0,4,2,49,32
558,14,0,14,0,26,0,5,45,36,0,0,5,12,17,83,50,1,35,1,28,16,35,66,0,0,0,2,1,26,16
242,14,3,16,0,22,0,3,20,32,0,4,1,13,36,43,23,3,15,1,32,7,22,49,0,0,0,0,1,31,25
1046,102,11,44,0,79,2,32,92,118,0,7,2,29,109,211,43,2,60,11,81,18,79,145,3,3,2,1,5,39,21
1232,71,0,32,0,60,1,22,102,89,1,4,7,23,87,198,43,0,52,6,90,9,80,147,0,3,0,4,5,67,30
1246,76,13,5,0,88,1,15,80,74,1,8,5,19,13,187,36,5,47,2,88,20,82,146,5,1,1,7,3,41,33
1202,45,2,18,0,73,5,15,73,55,1,12,10,38,37,142,33,2,33,6,68,11,94,130,1,0,0,4,1,52,29
1209,54,11,30,1,81,3,10,82,47,0,6,7,24,61,154,31,3,34,5,96,14,127,156,4,1,1,9,2,48,25
556,8,2,19,0,62,0,8,25,48,0,4,2,18,22,105,35,2,54,0,44,5,70,112,0,0,0,3,1,45,40
308,8,1,18,0,48,0,9,40,32,0,7,2,9,32,64,12,1,24,2,23,7,41,75,1,1,0,2,0,34,46
1259,66,4,25,2,104,3,22,121,57,2,16,5,25,93,207,72,4,33,6,106,5,150,167,9,3,0,8,4,49,36
1381,59,5,34,4,142,1,17,111,68,0,4,3,29,90,204,44,0,55,9,94,14,166,235,1,0,1,8,3,50,61
1229,49,4,29,1,160,4,16,116,74,1,19,5,33,67,185,45,3,47,3,103,12,156,161,5,1,0,8,1,47,32
1350,48,8,29,6,115,1,15,114,86,0,3,4,41,69,180,36,2,39,7,100,9,164,167,5,0,1,3,3,36,37
1527,35,9,21,4,127,2,9,109,80,2,6,9,42,101,180,55,3,42,6,101,12,166,133,3,0,0,5,1,47,50
680,9,5,18,0,105,0,5,64,51,0,0,3,13,43,111,33,3,32,0,61,2,82,74,0,0,0,2,0,27,38
338,6,2,6,0,45,1,3,50,57,0,1,1,9,18,70,17,0,9,3,38,4,65,74,3,1,0,4,0,21,16
1876,39,10,16,4,149,0,12,135,130,1,10,9,31,89,201,49,1,42,8,128,8,230,205,8,2,1,4,10,30,44
1991,42,6,30,2,122,4,11,133,48,0,8,7,29,129,160,80,3,35,6,111,3,180,231,10,2,1,11,2,47,54
1753,41,4,12,5,164,1,9,123,83,0,0,6,38,106,174,44,3,39,5,91,9,156,186,10,1,0,5,4,40,46
1782,43,9,20,4,124,0,10,96,92,1,12,4,24,97,156,56,3,35,1,103,4,175,143,8,3,0,8,3,43,47
1893,36,8,18,1,93,0,12,84,99,0,2,8,32,74,158,38,2,28,3,116,4,161,176,15,0,0,6,1,43,54
789,10,0,18,0,99,1,7,53,32,0,3,6,13,27,94,20,0,33,3,70,3,117,109,3,2,0,1,1,27,47
325,9,2,13,0,68,0,2,42,37,0,0,2,13,30,71,12,1,21,4,46,2,84,60,1,0,0,1,0,33,19
1987,38,17,20,0,130,1,23,131,117,0,6,9,33,83,171,59,3,33,4,101,10,184,136,13,2,1,7,2,52,50
1925,24,6,19,0,140,1,17,108,51,0,4,8,34,25,152,51,2,32,5,104,5,186,169,7,1,0,7,3,57,69
1951,18,7,33,0,96,1,14,95,57,0,0,7,46,61,148,41,3,32,7,92,9,175,157,8,0,0,11,3,58,49
1708,22,4,14,0,114,0,13,101,41,0,8,5,32,56,168,44,0,41,3,114,11,177,167,7,2,0,6,2,52,54
1544,26,5,25,0,119,2,8,90,66,0,1,16,24,56,133,51,3,35,4,95,7,157,112,9,0,0,7,1,5,53
702,11,1,17,0,61,0,6,60,18,0,0,5,17,26,78,18,0,20,3,55,4,139,84,0,1,0,2,0,25,43
311,8,0,8,0,89,0,2,38,20,1,0,4,12,23,52,21,0,16,1,27,1,88,63,4,2,0,10,1,22,18
668,8,8,20,1,97,0,16,110,54,0,1,1,21,30,169,31,2,9,8,87,7,221,109,10,0,0,9,2,29,43
2168,43,4,17,1,110,3,11,94,95,0,0,6,26,66,167,44,3,51,2,126,3,192,139,8,1,0,9,1,65,59
2002,22,10,15,0,104,1,19,91,63,1,3,4,26,61,161,55,2,26,8,78,8,227,157,10,0,0,8,0,44,53
1963,33,4,11,0,128,3,16,86,108,1,2,11,27,52,163,34,2,19,3,99,9,232,179,13,1,0,4,1,42,67
1772,19,1,14,0,74,0,15,91,47,1,0,5,21,63,224,36,0,30,7,121,12,233,134,8,0,0,14,0,40,40
832,10,5,4,0,54,0,7,41,38,0,0,5,12,24,141,20,0,25,1,64,2,126,100,1,0,0,3,1,37,29
356,10,4,9,0,44,2,1,42,61,0,1,0,12,31,91,29,2,6,3,25,0,157,39,5,0,1,5,2,22,31
2419,31,4,13,1,99,1,23,124,76,0,1,4,48,50,238,40,2,51,5,133,8,216,203,8,1,0,7,2,74,52
2340,28,3,16,0,110,0,32,107,76,0,1,7,37,83,224,57,6,49,6,112,7,230,207,15,1,0,14,1,54,63
2145,29,5,14,1,97,0,19,112,77,0,2,7,24,56,179,40,2,54,2,134,11,282,173,11,1,0,5,8,58,68
2032,22,8,10,0,134,1,14,100,97,0,2,5,42,110,156,29,1,26,5,141,5,254,217,15,0,0,9,7,57,64
2031,21,7,17,1,94,2,20,132,85,0,0,10,28,62,175,34,1,46,4,119,4,207,152,18,0,0,15,1,70,59
932,13,1,12,0,48,0,3,50,42,0,0,5,11,33,131,23,0,25,2,74,3,155,100,3,1,1,13,0,25,44
439,8,3,8,0,37,0,6,41,27,0,0,4,6,25,90,12,0,33,2,44,1,173,58,6,0,0,5,1,21,33
454,14,2,7,0,65,1,5,61,45,0,0,4,4,24,90,14,0,29,1,55,0,103,79,12,0,0,8,2,28,32
2519,35,6,12,0,111,0,20,149,118,0,3,6,22,66,190,29,1,39,3,166,12,260,206,23,4,0,17,9,91,61
2172,24,11,19,0,96,0,19,145,118,1,2,11,39,88,173,38,1,34,12,109,2,285,198,15,3,0,14,10,62,67
1999,21,2,12,0,73,1,15,132,148,0,1,3,42,80,174,49,1,27,3,162,3,219,194,24,1,0,10,6,82,64
2154,25,8,22,1,80,1,15,102,154,0,11,10,29,93,163,32,0,26,6,120,3,285,174,12,1,0,13,7,69,45
1245,8,1,8,0,53,0,2,60,54,0,1,8,9,50,110,25,0,21,1,79,2,170,89,6,0,0,5,0,67,28
472,9,4,8,0,36,0,1,44,44,0,0,2,13,40,56,15,3,15,0,48,1,153,54,2,0,0,5,2,45,32
2875,55,8,26,0,67,2,26,162,160,0,2,9,29,121,194,34,3,38,3,131,4,356,185,30,6,0,3,10,71,62
2994,34,7,30,0,94,0,21,154,169,0,12,5,41,87,144,59,1,33,6,155,0,353,248,25,3,0,3,5,87,60
2766,24,6,24,0,75,0,15,166,170,0,0,6,25,114,167,46,1,31,7,151,12,305,180,28,2,0,4,1,101,72
2843,19,11,23,3,77,0,15,151,162,0,0,13,21,84,163,50,1,29,9,150,9,327,168,23,3,0,3,5,74,59
3116,25,3,33,2,44,0,12,134,138,2,7,17,26,45,156,44,0,21,7,170,10,297,166,27,2,1,6,2,93,42
1670,9,2,12,0,32,0,10,89,75,0,1,8,11,28,112,31,2,24,0,109,2,194,107,6,0,0,4,1,73,45
603,4,0,7,0,27,0,9,46,55,0,1,5,16,26,56,19,0,11,0,49,3,176,53,6,2,0,3,3,72,28
3780,19,7,25,0,78,0,21,148,166,0,5,8,31,78,161,41,4,51,12,155,1,320,173,29,9,0,9,9,94,54
4072,35,7,19,1,64,0,29,177,220,0,0,14,52,78,140,60,1,42,5,200,10,307,179,28,2,1,9,12,104,53
4392,29,11,13,0,32,2,12,155,217,0,0,19,55,81,133,65,4,54,11,185,11,332,144,18,6,2,4,6,105,61
4449,24,9,13,0,40,1,22,148,190,0,7,13,37,83,128,45,2,46,10,178,0,313,165,16,2,0,3,13,90,32
4641,21,5,18,0,36,2,8,133,188,0,1,14,42,58,122,48,3,46,2,175,5,272,135,20,1,0,10,16,82,23
2803,8,1,12,0,22,2,8,64,135,0,0,5,8,36,90,15,2,39,0,110,3,215,77,3,2,0,6,4,81,21
781,5,1,11,0,13,0,2,47,127,0,2,5,6,24,41,22,2,14,1,47,2,180,48,14,4,0,3,1,65,20
5345,24,2,20,0,40,0,22,149,254,0,10,22,39,63,180,44,1,57,11,192,3,287,143,19,6,0,12,15,142,47
5080,24,5,21,2,54,2,18,138,214,1,1,23,50,77,170,52,1,43,3,167,3,297,193,17,20,0,12,8,202,44
5064,28,11,28,0,56,0,33,126,269,0,0,24,25,77,174,34,0,40,5,218,2,296,123,21,4,0,6,14,199,34
5305,24,3,14,1,46,0,28,142,198,2,6,25,64,57,193,48,0,31,3,178,3,321,135,34,13,0,20,18,195,50
5167,37,11,34,0,30,1,23,141,207,0,1,22,44,72,173,40,1,68,8,217,4,399,145,26,0,0,13,20,153,31
2906,12,3,12,0,14,1,8,89,148,0,0,18,7,26,99,24,1,41,3,121,1,164,64,2,5,0,5,1,136,21
704,8,1,13,0,12,0,10,48,97,0,0,6,13,31,78,15,0,14,0,66,2,156,53,3,7,1,6,5,141,23
5438,27,18,27,4,46,0,24,162,271,0,13,23,52,110,220,47,1,64,15,215,9,349,168,30,16,0,33,23,151,36
5479,33,12,26,0,44,2,32,146,238,2,1,40,66,72,195,47,1,48,18,217,4,278,200,22,7,0,23,9,157,45
5212,28,17,24,2,61,1,29,171,212,0,0,33,61,88,164,52,0,51,8,246,4,311,141,22,15,0,27,22,163,26
5188,33,11,20,3,41,1,22,156,214,2,8,30,52,65,142,42,0,41,15,217,3,294,154,28,8,0,14,15,140,36
5622,30,14,25,1,43,2,32,128,197,1,2,28,51,63,127,41,2,48,6,212,3,239,143,16,12,0,25,12,164,18
2975,11,1,11,0,24,6,12,58,173,0,0,11,14,33,81,37,2,55,3,150,1,132,74,3,4,2,10,9,129,20
820,9,2,15,0,38,0,5,71,110,0,2,11,3,24,88,28,0,28,2,108,1,102,63,3,2,0,19,3,113,22
5560,30,12,40,1,31,3,35,198,277,0,9,31,47,81,203,49,2,92,6,287,6,312,211,33,19,0,27,21,167,34
5409,37,4,33,1,53,1,31,148,230,0,1,33,43,92,203,52,1,75,11,270,5,225,178,28,7,0,21,10,171,33
5224,18,10,18,0,37,3,43,149,214,2,1,45,54,53,132,50,1,102,5,242,5,376,184,12,14,0,18,16,198,34
4528,27,19,14,0,33,2,26,129,124,1,6,29,31,68,119,41,0,61,4,205,2,231,95,8,6,0,12,7,188,22
614,6,4,11,0,16,1,8,71,77,0,2,8,7,24,54,34,0,18,0,64,3,122,29,12,3,0,9,1,19,3
1958,13,6,37,0,28,3,10,111,188,0,0,9,14,32,115,27,1,73,2,160,7,140,74,1,2,0,22,10,138,16
1044,12,1,22,0,17,0,14,94,155,0,2,9,18,35,102,32,1,35,2,127,4,150,67,1,2,0,5,8,20,10
6129,60,14,27,1,39,1,51,235,314,0,18,30,46,89,204,72,2,99,12,334,8,404,154,33,21,0,29,11,220,30
6211,40,7,45,0,38,3,76,193,261,5,0,33,68,75,215,63,2,82,11,331,8,395,177,19,10,1,22,16,197,33
5641,46,11,44,0,38,6,90,191,273,1,0,28,64,77,195,69,4,99,18,323,6,328,169,26,14,0,36,19,166,23
4924,37,15,33,0,28,0,62,158,210,0,12,22,49,77,218,70,2,75,10,256,6,251,120,10,14,0,25,14,143,22
702,20,5,17,4,25,0,14,70,101,0,1,3,25,22,46,29,1,14,1,90,0,150,57,11,2,0,11,6,16,6
1887,19,0,36,1,25,1,63,113,173,0,0,11,16,46,185,52,3,102,4,221,2,167,110,3,1,0,20,14,167,7
1103,27,5,31,0,30,3,94,133,132,0,3,8,11,24,120,44,0,41,5,135,10,183,72,5,5,0,13,10,28,6
6757,63,20,49,0,55,2,69,267,259,0,3,35,46,102,300,58,6,97,13,365,7,471,196,43,23,0,19,20,207,49
6713,59,8,80,0,45,4,77,297,259,0,20,33,98,131,314,92,6,86,17,370,13,342,272,23,39,0,26,28,187,50
6632,63,15,54,1,57,7,103,356,176,0,2,38,87,116,283,58,2,109,21,440,22,442,257,25,18,1,22,24,167,42
6782,68,17,68,2,65,4,80,307,184,1,28,55,93,110,311,33,7,116,11,368,11,548,253,29,17,1,31,38,195,42
6699,83,13,72,1,47,3,108,415,153,0,3,47,89,110,322,65,5,102,7,466,19,466,287,29,21,0,23,25,193,60
3921,44,4,47,0,32,1,76,146,113,0,1,17,29,50,150,47,6,63,4,291,4,217,173,5,2,0,23,14,173,36
1311,27,2,22,0,27,1,17,141,116,0,6,14,19,38,96,27,5,38,6,188,8,164,110,3,7,2,16,17,24,19
7363,136,14,57,0,59,0,113,424,230,2,27,41,96,93,281,80,3,83,29,409,13,516,313,34,30,0,36,41,230,41
6899,117,14,80,1,43,8,81,315,141,3,14,54,78,108,265,82,6,72,44,462,18,478,283,32,23,1,32,34,167,33
6812,97,20,63,0,46,2,81,358,112,0,5,37,80,75,232,71,7,94,20,413,11,409,297,24,15,1,28,26,157,31
6599,108,10,54,1,31,4,126,313,129,4,16,37,69,85,257,65,5,73,10,401,10,482,270,22,19,1,38,28,158,29
6304,104,13,77,1,34,0,130,317,126,0,8,32,73,103,261,59,6,65,8,355,16,402,282,34,3,0,31,24,135,25
3751,35,6,28,0,25,2,58,135,98,0,2,20,36,20,133,52,4,51,8,281,10,219,173,6,3,1,11,12,130,14
1090,41,4,33,0,21,1,9,102,91,0,6,9,12,35,109,63,3,22,0,140,10,209,136,10,5,1,13,16,12,11
6613,125,17,43,0,58,0,126,328,188,1,11,29,56,80,322,76,5,61,20,437,16,592,303,62,25,2,29,27,172,45
6448,118,14,64,0,47,3,112,323,112,2,8,26,97,97,281,65,9,82,10,430,26,490,329,26,29,1,27,22,165,33
5745,90,12,57,1,47,4,157,287,87,3,15,36,80,127,241,68,7,55,13,347,23,459,364,22,26,1,31,22,128,37
5526,94,12,60,0,46,11,120,270,124,0,15,28,69,94,240,58,2,77,17,354,19,430,292,39,23,0,24,17,146,47
5549,87,19,80,0,49,2,125,247,105,0,6,37,119,93,235,66,9,65,22,371,18,486,289,20,6,0,28,17,146,31
3091,29,9,85,0,27,1,113,118,89,0,4,13,32,34,123,37,3,33,7,247,16,206,149,5,8,0,19,6,149,24
1076,23,11,20,0,18,1,8,90,45,0,0,10,15,30,97,36,0,35,7,166,9,130,119,3,3,1,9,8,28,11
5820,128,25,62,0,52,0,222,266,128,4,26,43,104,100,246,71,5,72,17,381,27,449,307,29,29,0,14,19,202,36
5852,80,18,55,1,41,3,183,230,63,0,13,38,116,112,244,75,2,59,19,376,18,458,343,22,29,2,15,22,120,38
5049,98,17,60,0,45,1,146,232,62,1,13,21,91,111,193,47,5,65,7,340,16,411,303,17,18,1,14,22,119,30
4636,84,15,69,0,36,2,127,221,91,1,12,21,66,113,217,69,5,72,30,314,13,387,248,7,16,1,23,19,92,31
4261,119,23,54,0,28,0,148,170,83,1,22,20,61,84,151,49,4,51,22,276,9,271,250,21,9,0,20,8,100,16
2385,31,2,27,0,23,0,104,67,57,0,2,13,10,23,106,21,0,36,27,197,5,133,134,2,2,0,8,6,85,14
795,49,3,10,0,14,1,7,59,55,0,2,4,13,21,59,25,0,20,9,130,7,149,58,4,3,2,6,2,21,8
1130,27,5,19,0,16,0,11,96,49,3,2,13,19,18,58,30,0,50,8,144,7,127,99,3,13,0,10,2,112,24
4509,116,9,44,0,40,4,154,147,99,2,18,27,74,114,164,32,1,53,17,293,12,276,249,8,6,1,16,14,108,29
3905,58,6,45,0,42,4,109,159,65,1,13,16,78,78,151,37,3,49,13,272,8,318,242,23,9,2,23,18,111,24
3670,77,8,30,0,32,5,104,118,71,0,14,22,59,63,136,50,3,55,11,256,11,291,205,25,13,4,23,4,88,21
3530,68,6,21,0,30,3,122,90,81,0,14,23,46,46,103,38,1,47,34,239,7,246,160,26,11,2,22,10,105,28
1924,26,2,8,0,20,1,58,57,46,0,3,8,18,23,65,21,0,41,9,172,2,147,97,3,2,0,11,4,79,7
549,14,1,9,0,15,0,12,39,31,0,6,10,12,38,40,17,3,22,3,94,4,100,55,6,2,0,17,4,12,9
3966,72,10,25,3,40,3,102,139,47,1,12,35,81,106,161,37,1,71,19,295,11,264,213,11,13,1,17,5,112,15
3110,44,8,28,1,35,2,50,120,56,0,9,19,57,83,104,28,1,45,10,209,2,241,129,9,2,1,11,12,86,30
2980,53,9,16,1,33,1,70,96,87,0,5,17,33,71,115,22,0,47,6,178,3,204,109,16,3,0,10,13,77,24
2663,46,8,14,0,33,0,19,104,54,1,8,19,55,62,100,29,0,35,9,223,5,181,120,4,3,0,7,9,68,16
2958,38,8,15,1,37,0,18,117,36,0,6,16,22,70,69,18,0,38,6,215,4,177,112,7,6,1,15,8,65,20
1726,12,2,33,0,20,0,16,33,37,0,0,11,10,27,46,13,1,38,4,104,3,95,83,2,2,0,9,2,57,12
512,14,6,11,0,15,1,10,30,21,0,3,9,19,31,17,11,0,18,2,86,3,80,57,1,1,0,14,2,13,7
2979,42,10,31,0,30,2,65,116,36,0,16,12,47,79,43,27,5,57,10,222,5,207,96,12,4,0,6,7,76,29
2797,40,8,39,0,58,3,70,90,43,0,13,18,22,72,71,22,1,34,7,177,4,205,98,20,0,0,11,6,70,27
2498,40,8,27,1,35,1,66,75,21,0,5,10,36,76,72,30,2,52,7,156,9,204,104,13,3,1,10,6,66,11
2429,26,9,27,2,33,0,25,88,39,0,7,20,34,81,60,23,4,38,7,172,4,197,104,4,1,0,8,13,43,16
2421,38,7,28,0,33,0,62,75,26,0,3,9,14,65,58,21,3,42,10,168,4,206,100,9,8,1,9,6,69,17
1358,9,2,19,0,16,0,12,23,17,0,1,13,11,23,37,14,0,35,10,128,3,100,45,4,1,0,5,1,42,4
478,15,6,14,0,20,0,9,24,23,0,2,3,5,22,34,14,0,21,4,89,1,71,28,6,2,0,3,2,19,8
3069,47,19,37,2,80,1,41,90,37,1,1,22,40,84,82,15,2,57,11,202,6,228,111,11,8,0,11,11,90,16
2752,41,8,18,0,56,2,33,81,32,0,4,6,32,92,82,17,7,53,7,227,10,227,102,7,5,1,4,4,45,16
2447,36,7,14,0,29,2,39,97,21,0,3,15,26,69,74,22,1,49,5,156,13,210,82,8,7,0,4,9,63,26
2427,35,8,19,2,58,0,45,64,25,0,3,21,29,67,78,18,4,47,7,190,3,205,92,12,5,0,7,5,53,10
2552,21,4,24,0,41,0,30,49,21,0,8,16,21,88,75,18,5,44,1,179,9,186,78,2,8,1,6,9,50,10
1524,11,2,9,0,18,0,13,24,19,0,2,11,11,38,35,22,0,41,5,126,1,117,61,5,1,0,4,1,47,11
530,6,2,9,0,15,1,7,28,8,0,1,3,7,28,17,19,0,18,3,85,3,84,24,4,2,0,4,3,9,2
2989,33,9,27,0,61,2,47,100,38,0,5,25,29,96,63,14,4,70,8,223,11,294,140,10,9,0,6,13,88,18
2625,42,12,25,2,43,2,40,61,28,0,6,9,28,79,67,20,3,44,9,152,3,203,132,6,13,0,4,8,55,18
2484,33,14,17,0,60,0,29,55,36,1,4,11,30,77,40,16,1,48,7,165,8,223,90,7,8,1,10,5,56,14
2320,23,11,20,0,45,0,85,54,30,0,4,18,32,93,47,19,4,53,6,169,3,188,85,7,12,0,9,6,63,23
2226,36,21,13,0,48,4,30,32,24,0,3,14,25,75,50,20,2,30,9,129,6,204,75,2,11,0,7,7,60,12
1274,11,4,14,0,19,0,9,26,19,0,5,4,9,24,38,11,2,38,3,92,0,90,72,0,3,0,2,3,45,6
493,14,2,6,0,15,0,20,30,16,0,1,3,9,24,17,10,1,16,6,58,3,80,22,0,3,0,2,2,15,16
2476,40,18,23,0,58,1,102,65,32,0,7,25,31,78,51,26,3,40,5,188,8,205,105,7,5,2,8,4,66,28
2112,38,13,15,0,54,3,78,54,62,0,5,10,24,71,56,15,2,47,5,164,13,174,69,5,11,0,4,5,64,16
1783,14,10,22,0,50,3,60,46,38,0,4,7,26,82,41,12,0,37,4,127,6,205,79,2,7,0,7,11,39,8
1874,27,6,11,1,42,2,32,43,36,0,4,13,27,72,51,7,3,25,12,156,10,163,52,9,6,0,15,6,51,9
1903,31,9,28,1,34,0,75,32,55,0,2,12,12,75,42,18,3,27,6,169,2,153,79,8,10,0,10,4,50,5
1048,11,3,14,0,16,0,9,25,17,0,1,4,6,27,21,4,0,14,7,102,1,85,57,1,3,1,10,2,43,5
454,10,3,12,0,13,0,9,12,12,0,1,0,12,21,11,4,1,8,3,65,4,77,27,4,2,0,6,3,16,3
546,14,3,15,0,15,1,10,14,25,1,3,6,9,23,21,13,1,22,7,87,3,88,35,4,4,0,5,3,22,2
2395,31,18,26,0,59,2,46,71,60,1,3,21,33,79,39,21,2,39,17,154,6,187,85,10,4,0,17,8,76,15
1952,26,13,17,0,47,1,22,31,38,0,4,8,24,66,34,23,5,35,11,138,2,142,69,7,6,0,7,1,59,18
1837,34,5,21,2,52,1,24,34,32,0,4,10,26,67,25,20,3,29,9,151,8,129,64,8,6,0,13,4,48,16
1611,41,4,17,0,48,1,29,52,41,0,0,8,23,66,23,19,5,37,7,126,7,125,64,6,8,0,8,3,58,12
961,10,2,19,0,25,2,8,17,19,0,1,1,11,21,19,7,0,23,7,85,3,64,28,1,1,0,4,1,33,6
350,12,0,12,0,23,0,9,16,19,0,2,4,15,23,8,6,1,10,4,71,6,46,20,1,0,0,5,3,19,13
1980,38,7,38,0,93,1,36,51,56,2,4,15,37,72,34,9,5,32,13,153,8,141,73,8,3,0,13,2,80,13
1826,20,11,25,0,74,5,24,34,51,0,4,12,38,61,23,15,1,39,13,129,4,138,64,6,5,0,15,5,45,16
1529,30,8,26,0,78,0,22,30,43,0,7,8,30,57,20,17,1,34,14,104,8,90,55,6,2,0,9,3,47,15
1529,20,8,22,0,85,3,17,34,38,0,1,8,33,63,22,17,0,42,4,112,6,115,54,4,1,0,11,3,46,21
1384,10,6,31,0,76,3,29,20,49,0,3,2,22,59,30,14,0,21,11,108,11,99,51,7,3,0,6,4,41,14
911,8,6,17,0,33,4,12,16,23,1,1,2,17,19,8,13,1,17,6,84,3,46,28,1,3,0,3,0,31,9
329,12,3,14,0,13,0,6,11,14,0,2,0,6,16,12,6,0,8,4,58,5,37,26,2,2,0,2,0,7,5
1658,30,17,25,0,99,3,18,31,63,0,3,7,29,72,39,23,5,31,6,127,7,107,83,6,3,0,11,3,64,24
1544,43,8,30,0,108,7,28,30,33,0,4,2,33,47,24,15,2,24,8,130,6,66,55,2,2,0,7,4,81,9
1417,33,9,31,0,70,1,13,35,42,0,4,7,19,63,27,12,3,21,7,87,5,111,66,7,8,1,6,5,54,7
591,14,2,17,0,36,1,9,15,17,0,4,3,18,43,14,3,1,28,3,86,3,67,42,1,4,0,0,1,28,13
445,12,4,17,0,42,1,15,15,26,0,1,0,15,19,15,7,3,18,2,58,4,51,40,3,4,0,8,0,27,3
332,9,5,16,0,55,5,2,19,21,0,3,2,2,23,20,6,2,16,6,60,4,47,35,4,1,0,4,1,35,5
290,6,4,23,0,38,0,3,17,21,0,4,5,7,15,12,11,1,7,3,67,5,45,18,2,0,0,2,0,38,5
1636,37,6,30,1,153,5,28,47,56,0,5,9,37,86,42,19,3,27,14,123,5,132,77,4,4,0,8,4,73,8
1422,30,6,30,0,154,3,26,49,36,0,1,5,22,72,32,15,6,22,9,105,11,128,79,1,6,0,6,3,53,10
1368,22,7,30,0,115,1,29,28,52,0,4,1,26,44,30,16,2,14,9,98,7,116,87,4,0,0,8,4,65,19
1251,24,4,37,0,120,1,23,35,39,0,7,4,18,72,48,12,4,11,9,102,9,92,70,7,4,0,6,3,74,18
1293,33,6,39,0,122,2,16,40,39,0,4,6,12,42,19,10,3,16,10,115,9,76,73,4,7,1,3,4,58,15
823,12,1,26,0,27,3,7,21,24,1,4,3,7,19,16,12,4,9,11,59,5,59,63,1,1,0,0,1,35,5
237,7,4,17,0,40,1,2,17,13,0,5,3,4,16,10,10,2,5,7,48,5,26,19,1,0,1,3,1,23,9
1442,32,8,44,0,138,1,41,41,64,0,7,9,18,72,33,20,5,24,13,115,11,98,73,14,7,0,7,6,80,15
1287,34,9,36,1,129,1,14,26,50,0,9,4,24,60,43,20,4,19,14,94,8,93,82,5,4,0,3,7,54,7
1185,22,4,43,0,126,0,14,35,21,0,5,7,27,45,37,13,6,16,18,85,7,59,54,2,3,0,5,1,64,7
1190,15,7,35,0,108,1,21,18,40,0,3,4,20,62,34,16,4,14,22,96,4,79,77,1,6,0,3,5,65,17
993,21,11,29,0,106,1,22,18,35,0,3,3,25,53,30,5,3,17,18,78,11,76,55,1,6,0,6,3,54,10
607,3,1,28,0,38,0,5,15,12,0,0,1,9,12,11,6,3,7,21,46,2,33,31,1,0,0,1,1,32,8
221,6,3,27,0,24,2,1,12,11,0,6,1,13,30,8,5,4,4,19,40,2,28,19,1,1,0,0,7,19,6
1195,17,40,59,0,126,1,36,37,57,0,8,4,34,66,23,14,8,20,16,92,9,97,47,1,1,0,5,5,114,22
1076,10,2,44,0,156,1,34,24,43,0,3,6,23,60,25,11,7,11,13,75,10,88,43,0,5,0,5,2,63,14
1082,20,5,63,0,137,1,16,10,44,0,1,7,34,59,16,7,0,21,18,81,11,71,62,0,3,0,7,4,63,14
898,22,9,45,0,93,3,24,23,37,0,3,3,21,48,24,12,6,17,7,74,8,66,61,2,4,0,3,7,66,12
867,22,7,52,0,97,2,27,17,36,0,9,6,16,67,27,14,8,23,7,70,9,59,59,1,1,1,5,10,62,10
567,8,4,40,0,49,0,1,11,19,0,3,2,8,16,10,8,3,12,15,40,7,40,40,0,0,0,5,0,47,4
176,10,4,32,0,40,1,8,8,20,0,0,3,16,18,9,4,1,11,6,28,3,29,16,1,0,1,0,2,23,8
1003,23,5,75,0,146,2,36,37,66,0,6,7,31,62,28,14,5,24,7,78,7,69,54,3,6,1,3,6,61,15
977,15,14,75,0,97,3,38,25,45,0,1,4,49,63,18,16,5,13,22,66,9,60,47,3,6,2,4,5,73,9
884,19,8,66,0,90,3,23,23,23,1,5,3,36,72,32,6,4,33,11,56,12,54,57,3,4,1,3,6,52,8
784,17,9,76,0,86,1,35,16,21,0,2,4,33,67,23,20,3,17,10,56,13,45,49,4,2,0,2,8,48,23
752,13,26,81,0,72,1,43,18,24,0,4,1,35,57,16,4,7,17,9,60,4,46,32,2,6,1,2,6,53,18
222,4,4,32,0,31,3,4,6,15,0,0,1,10,19,8,4,3,11,12,27,4,9,20,0,4,0,1,1,31,8
187,3,4,39,0,30,2,4,3,17,0,0,0,13,16,9,8,2,9,7,26,1,12,19,1,0,0,4,1,18,5
794,17,25,102,0,92,4,30,27,32,1,4,3,37,71,33,4,2,16,11,84,4,63,33,3,14,0,2,12,83,10
619,15,13,98,0,87,0,25,19,36,0,10,4,33,69,31,13,6,11,15,52,10,43,55,0,12,0,4,11,63,10
676,10,7,89,0,81,3,24,20,20,0,3,1,37,37,33,12,5,27,20,48,14,40,48,0,9,0,2,6,63,9
600,15,9,77,0,78,2,20,12,31,2,5,4,34,80,24,10,8,21,19,48,8,35,52,1,12,0,4,14,47,11
618,17,2,70,0,52,3,29,10,26,3,1,4,29,61,33,10,5,17,20,24,7,24,47,6,3,1,1,5,56,18
379,5,3,55,0,23,2,7,9,27,0,2,4,9,14,17,7,0,17,10,31,5,11,31,0,1,0,0,0,38,13
90,6,1,49,0,22,1,1,6,15,0,1,3,18,17,12,1,1,10,11,24,9,12,14,0,1,0,1,1,29,5
356,14,10,60,0,43,3,10,14,21,3,5,2,17,35,18,4,3,10,9,16,4,32,37,1,5,0,1,0,59,12
687,22,3,103,0,97,1,28,31,38,0,8,3,43,91,20,12,6,14,28,48,2,35,35,3,5,0,2,13,69,10
614,22,13,116,0,79,3,22,21,37,0,4,1,30,64,23,6,2,13,34,35,9,24,38,1,7,0,1,4,79,9
506,8,13,100,0,59,7,11,13,25,0,5,3,35,59,28,7,3,4,46,44,4,22,39,1,4,0,0,6,73,7
606,9,7,104,1,37,3,7,22,28,1,6,3,39,71,40,8,7,8,16,40,5,42,30,1,3,0,0,9,61,8
306,4,15,57,0,18,0,3,7,23,0,4,4,10,38,20,2,1,13,11,23,7,9,25,2,0,0,0,2,44,1
108,5,6,55,0,16,0,4,5,21,1,1,0,11,30,9,2,1,4,6,16,3,4,12,0,1,0,0,1,15,1
604,13,22,101,0,95,8,14,20,32,0,3,5,48,89,36,12,4,6,34,40,4,23,42,8,5,0,2,6,85,7
613,11,26,104,0,51,3,15,14,38,0,8,1,42,105,32,4,15,14,28,43,7,22,40,4,1,0,1,10,84,6
531,26,21,110,0,55,7,7,13,27,1,2,2,48,86,29,4,11,8,32,33,12,18,22,0,1,1,2,4,80,6
551,14,19,93,0,51,6,7,8,27,0,2,1,45,75,27,5,4,7,18,33,5,12,22,1,2,0,5,1,91,8
585,26,20,113,1,45,4,4,13,20,2,3,3,75,93,41,1,3,5,20,27,8,22,39,2,1,0,3,6,73,6
300,1,7,45,0,11,8,0,4,16,0,1,1,21,21,10,3,5,6,26,23,0,11,14,0,0,0,1,0,58,4
120,5,15,47,0,6,4,1,7,10,1,1,0,16,33,8,1,1,7,7,7,2,8,8,0,0,0,6,3,26,0
627,23,20,123,0,51,16,9,19,38,2,1,7,82,102,54,9,4,11,19,29,9,18,39,0,0,0,2,1,86,3
667,23,17,97,0,37,17,6,17,35,0,3,2,76,99,45,3,2,9,29,40,2,27,24,1,0,0,3,2,95,3
655,13,9,105,0,39,12,9,6,41,1,0,2,90,124,24,4,3,7,27,26,6,14,29,0,0,0,0,9,105,4
545,28,14,96,0,34,16,4,12,44,2,2,0,57,148,42,7,0,2,23,31,8,24,30,1,1,0,2,19,86,2
641,14,17,70,0,16,24,5,10,31,0,3,2,83,154,42,2,1,10,28,22,2,9,34,0,0,0,3,3,99,2
282,3,11,51,0,12,9,1,2,11,0,0,2,32,52,16,3,1,4,20,24,4,3,17,0,0,0,0,2,81,3
112,4,9,49,0,12,6,4,8,8,0,0,1,38,56,8,3,4,4,11,11,2,2,11,0,1,0,0,1,68,1
635,18,25,109,0,31,17,10,15,24,3,2,3,104,177,37,3,4,7,29,27,6,21,33,2,0,0,0,10,140,6
674,22,26,93,0,29,21,4,6,32,0,0,2,107,177,27,8,2,5,44,20,6,9,27,0,0,1,2,4,106,4
682,11,13,94,0,23,17,4,15,29,2,0,3,119,156,27,6,2,1,25,32,6,11,30,0,0,0,1,9,120,4
597,9,10,84,0,13,20,6,20,33,0,1,0,94,165,28,1,3,4,46,17,8,10,20,1,0,5,0,11,141,2
636,6,19,97,0,14,21,9,8,35,0,2,2,131,184,38,3,5,6,34,22,7,14,35,0,1,0,4,11,122,1
310,6,12,73,1,14,10,1,4,25,1,1,3,61,49,13,2,1,4,18,11,2,3,10,0,0,0,0,4,110,1
106,10,6,52,0,5,7,1,5,18,4,1,1,32,36,6,1,0,4,15,12,8,5,11,1,1,0,0,3,24,0
839,21,12,105,1,22,25,4,12,52,0,0,4,156,273,68,4,7,16,32,24,10,18,35,0,2,3,0,8,209,5
884,19,19,144,0,19,24,5,16,71,0,0,3,184,197,41,4,5,7,34,32,2,21,29,0,1,0,2,6,176,6
891,12,31,103,1,20,17,2,5,54,1,0,4,184,197,22,4,3,7,41,20,7,7,27,0,0,0,0,4,133,4
781,15,27,109,1,17,20,5,12,62,0,1,4,218,202,36,1,4,9,43,17,9,12,21,0,0,0,0,7,126,6
789,17,25,85,0,18,20,3,7,58,1,1,3,200,200,42,4,5,8,22,32,13,11,34,0,1,0,0,6,159,3
437,8,7,57,0,6,12,1,6,35,1,0,3,84,56,7,1,2,3,28,18,7,3,15,0,0,0,0,1,149,0
148,6,11,49,0,6,10,3,7,26,2,0,0,93,45,13,1,1,1,4,19,3,5,10,0,0,0,0,3,85,0
956,12,41,115,1,23,11,6,10,95,0,1,2,278,232,36,2,10,14,37,18,21,15,26,1,0,0,0,11,171,5
961,7,34,95,0,23,14,8,12,66,0,3,7,285,196,44,1,8,6,33,16,13,14,35,1,1,0,5,5,182,6
998,13,39,133,1,17,20,2,7,70,1,0,6,325,186,41,4,4,12,34,23,8,14,20,2,2,0,0,8,158,6
1053,15,37,88,1,8,19,4,12,96,0,3,2,283,175,39,5,7,11,30,26,9,11,30,0,0,0,1,12,192,2
1085,7,31,140,0,22,18,2,14,89,1,3,3,301,194,29,4,6,19,28,18,20,12,33,1,0,0,0,11,156,0
611,4,11,74,2,8,8,0,4,63,0,0,1,110,51,32,3,1,7,32,17,5,11,18,0,0,0,1,10,167,0
217,3,12,78,0,3,10,1,11,34,0,0,1,71,49,14,0,0,5,28,12,7,5,12,0,0,0,0,8,67,0
1330,17,44,141,0,13,21,6,21,101,6,2,3,336,230,51,3,16,6,34,26,24,11,44,1,4,0,0,16,186,1
1486,20,44,180,1,13,23,2,13,77,1,1,14,280,275,47,7,3,8,68,19,17,17,28,1,1,1,0,15,154,3
1508,21,46,172,0,10,16,4,20,95,1,1,8,258,236,39,9,10,22,60,27,21,18,21,1,0,0,3,17,155,2
1576,22,42,190,0,15,22,9,16,109,4,0,10,230,204,46,9,6,16,50,23,22,12,35,1,0,0,0,20,154,1
1524,25,38,166,1,13,6,5,21,86,2,1,14,297,207,38,5,13,22,62,20,15,19,40,0,0,0,2,16,157,1
988,7,12,70,0,7,8,8,3,56,0,0,5,145,64,20,4,2,10,44,11,22,12,20,0,1,0,0,5,118,3
381,15,17,94,0,2,6,1,8,60,0,1,3,44,55,27,3,1,4,36,15,13,8,6,0,0,0,0,12,82,0
1945,44,55,211,0,19,9,4,42,120,4,1,5,404,261,73,12,11,28,66,34,32,16,24,3,0,0,2,20,178,7
1914,40,35,194,1,9,6,10,35,103,1,2,15,323,174,64,6,23,26,53,24,36,16,41,0,1,0,2,20,182,9
1936,49,26,189,0,17,8,11,33,90,2,1,10,275,186,70,15,13,24,41,22,35,45,25,2,0,1,4,30,139,3
2216,45,40,182,0,15,9,13,27,110,0,2,5,239,141,74,15,15,29,30,40,36,39,36,1,2,0,3,19,155,3
2314,58,32,207,0,21,10,3,28,87,0,3,12,246,144,73,15,20,26,67,23,36,46,38,0,1,0,0,20,137,1
1381,24,17,130,0,3,3,3,8,49,0,2,6,101,47,42,14,9,19,44,17,28,10,24,1,0,0,0,9,65,3
540,46,15,114,0,6,3,2,11,34,6,1,5,90,35,22,7,3,12,28,17,19,14,11,1,0,1,1,5,68,0
3046,140,53,176,0,18,11,8,72,104,3,2,13,278,192,96,22,17,33,95,48,76,82,42,3,2,0,0,33,165,11
3157,138,67,201,2,23,7,13,71,78,5,8,17,297,170,94,16,34,33,83,43,82,73,35,2,1,0,1,27,134,12
3490,174,61,242,1,32,9,11,69,91,0,5,15,278,164,99,36,38,36,97,64,81,75,41,3,1,0,4,33,118,4
3513,206,31,259,1,25,3,13,64,74,2,6,14,225,144,95,44,26,23,96,77,83,81,38,1,1,0,2,27,121,15
3376,220,44,178,0,23,5,42,95,110,2,5,30,225,164,126,29,43,48,118,84,107,73,35,6,0,0,3,38,121,14
2075,156,13,118,0,17,9,6,36,69,0,3,5,104,40,35,18,16,29,86,65,42,20,29,0,2,0,1,18,82,4
949,98,22,128,0,8,3,6,35,50,0,5,5,61,33,34,19,15,17,15,37,60,39,18,2,1,0,1,19,55,4
4389,302,59,227,0,29,5,31,165,137,5,19,34,284,182,151,70,34,47,117,93,136,112,70,8,3,2,7,52,158,22
4650,288,43,238,0,57,4,27,117,123,2,18,28,247,164,156,77,70,59,137,80,176,111,59,4,2,0,3,55,151,14
4548,286,53,223,2,32,9,25,137,131,2,15,31,159,154,176,52,111,78,131,126,194,114,58,5,3,0,8,51,132,15
4123,341,33,287,0,39,5,34,139,114,1,18,29,143,150,171,74,114,68,106,99,219,126,81,4,8,0,10,47,140,19
4170,350,55,241,1,32,5,44,147,124,0,29,39,149,140,166,81,127,69,125,97,221,136,103,4,2,0,3,58,148,18
2385,120,17,146,0,12,4,10,64,54,0,18,25,65,32,65,22,31,48,94,76,126,45,52,1,1,0,3,24,96,9
1014,151,18,110,1,10,4,10,49,56,0,12,17,62,28,65,22,46,27,64,50,104,51,39,1,0,1,1,20,83,12
5315,524,56,278,1,47,12,47,242,146,3,64,36,162,195,247,99,145,107,104,144,290,165,115,8,10,1,9,58,167,45
5370,444,57,306,0,51,9,56,228,110,5,125,36,125,177,248,94,140,94,132,152,389,158,109,8,7,5,10,80,157,60
5084,364,60,283,0,36,10,68,242,118,1,101,58,124,124,238,82,118,102,137,149,328,168,153,14,14,2,10,78,153,31
5345,437,51,254,0,36,10,91,198,112,2,112,48,90,119,252,110,195,102,111,164,377,181,129,12,10,3,6,62,184,48
4647,299,61,255,1,44,8,108,188,124,2,96,48,124,133,275,104,282,110,128,175,337,223,167,10,11,1,3,121,152,43
2842,126,29,161,0,12,10,13,100,67,0,9,29,39,42,97,28,108,61,81,148,182,51,90,4,2,3,6,41,123,16
1315,152,21,135,0,8,3,16,74,57,0,10,16,24,33,102,36,80,54,72,117,176,53,40,3,3,0,3,25,103,9
5716,318,69,276,0,40,9,147,343,157,5,101,50,127,172,332,172,209,113,141,217,354,241,172,20,16,4,7,96,223,55
5450,312,80,266,0,36,11,99,333,146,3,94,53,95,164,383,146,202,160,168,212,266,222,180,29,13,3,16,91,200,48
5181,307,92,253,1,37,14,109,293,134,2,76,47,71,143,260,95,113,121,179,183,286,231,204,6,7,4,9,92,215,46
5511,415,94,264,0,39,17,54,326,163,1,44,46,76,111,304,123,123,121,170,242,267,235,190,22,22,3,20,112,223,61
4784,340,61,263,0,37,11,49,294,117,0,103,47,76,141,347,77,86,81,131,244,250,225,142,19,14,9,19,101,206,51
2701,135,27,163,0,10,10,22,100,90,1,14,29,29,46,123,30,38,78,105,161,80,82,97,6,3,0,5,57,160,15
1226,152,30,145,0,11,3,11,83,70,6,33,27,19,25,101,57,53,47,72,142,106,94,45,5,8,0,4,53,127,17
5367,245,85,243,0,53,12,70,342,156,1,21,69,83,185,434,87,118,120,177,315,270,268,220,21,15,3,8,107,259,47
5172,280,68,287,0,44,7,56,326,147,2,72,53,57,133,426,101,177,111,217,307,196,296,220,18,12,4,16,101,277,66
4841,134,70,277,0,38,4,73,345,135,1,81,63,39,132,364,91,136,89,116,309,191,277,209,14,10,3,16,121,280,62
4874,204,64,312,0,47,11,70,299,111,0,60,49,44,140,475,108,138,121,142,401,157,230,173,20,6,5,19,90,262,59
4441,245,90,209,0,57,6,80,255,144,0,73,61,37,146,401,67,110,76,155,352,172,263,212,22,9,7,22,95,249,49
2679,94,42,158,1,9,13,18,93,121,1,15,16,19,33,136,29,48,46,108,198,63,96,164,16,3,1,13,41,201,13
1230,91,44,138,0,9,10,14,85,80,0,23,11,8,33,137,32,53,52,56,165,104,100,89,7,6,1,12,46,155,7
5045,254,130,249,0,77,20,102,400,147,5,74,49,67,206,474,85,191,83,184,407,187,361,239,33,14,6,22,117,417,64
5199,168,136,247,0,41,20,102,363,166,4,41,51,29,187,490,76,121,84,120,388,201,303,234,28,21,3,27,110,406,65
4726,102,126,228,0,43,19,97,295,162,0,40,35,37,181,457,72,155,78,95,423,146,333,227,17,14,1,17,101,436,43
4426,122,108,203,0,38,14,73,349,167,0,20,45,34,166,393,48,131,63,101,411,140,296,213,33,18,2,34,75,405,48
4154,105,162,246,0,28,9,71,276,151,0,40,46,37,175,385,54,82,62,93,435,134,272,202,29,16,0,29,103,404,49
1973,28,37,117,0,6,3,17,84,93,0,32,12,16,57,114,26,35,50,53,285,76,91,139,10,9,0,18,35,271,17
864,31,64,115,1,8,2,23,89,74,2,17,3,10,39,136,31,12,31,12,266,47,65,77,12,1,0,14,31,203,12
4188,158,157,231,0,33,17,78,330,160,3,40,37,37,232,388,77,107,54,122,406,122,330,228,46,17,8,30,96,500,51
3972,68,152,203,0,27,6,78,280,141,2,23,42,32,220,417,55,79,65,74,480,88,306,209,44,11,2,21,93,405,48
3742,60,190,186,0,24,12,80,250,150,0,27,47,37,192,413,70,46,57,51,461,93,313,210,24,12,1,31,92,435,40
3308,75,110,53,0,31,6,83,228,146,0,20,32,19,81,319,56,54,79,95,450,82,298,259,17,13,1,32,81,397,40
3232,88,103,180,0,15,14,60,201,156,0,26,27,32,214,358,51,60,79,10,430,54,292,222,23,6,0,24,67,370,40
1434,39,37,104,1,6,7,22,78,87,0,7,9,17,61,109,24,17,35,48,189,32,91,127,1,3,0,16,42,325,14
757,20,68,89,0,15,3,14,76,65,0,7,6,11,41,93,12,13,48,37,163,30,55,59,9,7,0,13,22,217,12
3286,82,162,171,1,34,9,66,288,170,1,22,31,30,250,409,57,31,51,77,419,53,322,235,44,19,1,29,88,558,44
3156,62,106,152,0,28,2,93,224,149,1,13,40,21,208,365,44,37,47,65,395,34,281,196,34,18,1,29,66,467,30
2912,66,123,141,0,21,6,69,207,146,0,27,22,25,200,366,39,34,49,59,368,56,245,212,22,20,0,27,44,332,31
2797,51,104,102,0,30,2,77,207,115,1,15,10,19,221,321,47,36,40,40,370,44,250,175,24,16,0,22,40,389,29
2622,12,97,91,0,12,5,105,164,137,0,22,12,18,206,267,47,51,29,48,341,48,277,199,30,5,0,16,44,372,33
1404,4,56,59,1,8,3,12,83,60,0,6,1,7,72,92,13,12,19,23,187,21,74,122,14,4,1,14,16,283,13
523,7,30,73,0,8,0,9,57,52,1,8,4,11,40,87,16,6,25,18,168,13,74,43,10,0,1,7,13,89,3
2844,37,120,125,0,30,3,73,212,146,0,20,18,24,253,323,46,7,47,36,306,39,259,159,30,9,1,21,51,480,34
2298,11,94,100,0,27,7,61,186,82,2,19,20,9,259,274,56,30,51,36,370,34,239,144,36,14,2,20,30,489,24
2146,52,98,97,0,14,7,42,133,96,1,14,11,16,227,209,42,33,38,22,261,29,209,162,15,8,3,14,32,398,21
2113,33,65,86,1,34,4,53,179,85,0,10,23,15,201,190,48,8,23,25,253,31,193,127,26,6,2,23,26,379,25
2114,32,43,100,0,19,8,61,142,57,0,17,16,5,228,159,29,26,35,15,262,21,209,131,11,10,0,14,27,305,23
1091,9,28,54,0,5,4,32,39,44,0,2,1,1,68,52,19,8,12,15,95,9,87,82,7,2,0,7,17,324,8
463,8,38,39,0,2,1,22,39,18,0,5,1,0,46,42,12,5,14,10,58,10,55,22,8,2,2,12,6,47,4
2064,18,45,99,0,22,4,89,165,55,0,16,12,11,254,167,52,19,26,22,153,10,229,87,24,18,0,21,13,382,17
